Workbook

Sheet Resumo_NUTSIII
A1: NUTSIII | B1: GD_REF | C1: theta_inv_REF | D1: theta_ver_REF | E1: G_inv_sul_kWhm2mes | F1: G_verao_S_kWhm2mes | G1: G_verao_O_kWhm2mes | H1: G_verao_N_kWhm2mes | I1: G_verao_E_kWhm2mes | J1: z_REF_m | K1: Mref
A2: Alentejo Central | B2: 1150 | C2: 10.0 | D2: 24.3 | E2: 150 | F2: 415 | G2: 510 | H2: 225 | I2: 510 | J2: 221 | K2: 5.3
A3: Alentejo Litoral | B3: 1089 | C3: 10.8 | D3: 22.2 | E3: 150 | F3: 405 | G3: 510 | H3: 225 | I3: 510 | J3: 88 | K3: 5.3
A4: Algarve | B4: 987 | C4: 11.3 | D4: 23.1 | E4: 155 | F4: 405 | G4: 515 | H4: 225 | I4: 515 | J4: 145 | K4: 4.8
A5: Alto Alentejo | B5: 1221 | C5: 9.6 | D5: 24.5 | E5: 145 | F5: 415 | G5: 505 | H5: 225 | I5: 505 | J5: 246 | K5: 5.3
A6: Alto Tras-os-Montes | B6: 2015 | C6: 5.5 | D6: 21.5 | E6: 125 | F6: 425 | G6: 480 | H6: 220 | I6: 480 | J6: 680 | K6: 7.3
A7: Ave | B7: 1653 | C7: 7.8 | D7: 20.8 | E7: 125 | F7: 425 | G7: 490 | H7: 220 | I7: 490 | J7: 426 | K7: 7.2
A8: Baixo Alentejo | B8: 1068 | C8: 10.7 | D8: 24.7 | E8: 155 | F8: 405 | G8: 510 | H8: 225 | I8: 510 | J8: 178 | K8: 5.0
A9: Baixo Mondego | B9: 1304 | C9: 9.7 | D9: 20.9 | E9: 140 | F9: 420 | G9: 495 | H9: 225 | I9: 495 | J9: 67 | K9: 6.3
A10: Baixo Vouga | B10: 1337 | C10: 9.5 | D10: 20.6 | E10: 140 | F10: 520 | G10: 490 | H10: 220 | I10: 490 | J10: 50 | K10: 6.3
A11: Beira Interior Norte | B11: 1924 | C11: 6.3 | D11: 21.7 | E11: 135 | F11: 425 | G11: 495 | H11: 220 | I11: 495 | J11: 717 | K11: 7.5
A12: Beira Interior Sul | B12: 1274 | C12: 9.1 | D12: 25.3 | E12: 140 | F12: 420 | G12: 500 | H12: 220 | I12: 500 | J12: 328 | K12: 5.4
A13: Cavado | B13: 1491 | C13: 9.0 | D13: 20.7 | E13: 125 | F13: 425 | G13: 485 | H13: 220 | I13: 485 | J13: 171 | K13: 6.8
... A29: Tamega | B29: 1570 | C29: 7.8 | D29: 21.4 | E29: 135 | F29: 425 | G29: 490 | H29: 220 | I29: 490 | J29: 320 | K29: 6.7

Sheet Aveiro
A1: Concelho | B1: NUTS III | C1: GD_REF | D1: theta_inv_REF | E1: theta_ver_REF | F1: G_inv_sul_kWhm2mes | G1: G_verao_S_kWhm2mes | H1: G_verao_O_kWhm2mes | I1: G_verao_N_kWhm2mes | J1: G_verao_E_kWhm2mes | K1: z_REF_m | L1: Mref
A2: Águeda | B2: Baixo Vouga | C2: =IF(B2="","",INDEX(Resumo_NUTSIII!$B:$B,MATCH(B2,Resumo_NUTSIII!$A:$A,0))) -> 1337 | D2: =IF(B2="","",INDEX(Resumo_NUTSIII!$C:$C,MATCH(B2,Resumo_NUTSIII!$A:$A,0))) -> 9.5 | E2: =IF(B2="","",INDEX(Resumo_NUTSIII!$D:$D,MATCH(B2,Resumo_NUTSIII!$A:$A,0))) -> 20.6 | F2: =IF(B2="","",INDEX(Resumo_NUTSIII!$E:$E,MATCH(B2,Resumo_NUTSIII!$A:$A,0))) -> 140 | G2: =IF(B2="","",INDEX(Resumo_NUTSIII!$F:$F,MATCH(B2,Resumo_NUTSIII!$A:$A,0))) -> 520 | H2: =IF(B2="","",INDEX(Resumo_NUTSIII!$G:$G,MATCH(B2,Resumo_NUTSIII!$A:$A,0))) -> 490 | I2: =IF(B2="","",INDEX(Resumo_NUTSIII!$H:$H,MATCH(B2,Resumo_NUTSIII!$A:$A,0))) -> 220 | J2: =IF(B2="","",INDEX(Resumo_NUTSIII!$I:$I,MATCH(B2,Resumo_NUTSIII!$A:$A,0))) -> 490 | K2: =IF(B2="","",INDEX(Resumo_NUTSIII!$J:$J,MATCH(B2,Resumo_NUTSIII!$A:$A,0))) -> 50 | L2: =IF(B2="","",INDEX(Resumo_NUTSIII!$K:$K,MATCH(B2,Resumo_NUTSIII!$A:$A,0))) -> 6.3
A3: Albergaria-a-Velha | B3: Baixo Vouga | C3: =IF(B3="","",INDEX(Resumo_NUTSIII!$B:$B,MATCH(B3,Resumo_NUTSIII!$A:$A,0))) -> 1337 | D3: =IF(B3="","",INDEX(Resumo_NUTSIII!$C:$C,MATCH(B3,Resumo_NUTSIII!$A:$A,0))) -> 9.5 | E3: =IF(B3="","",INDEX(Resumo_NUTSIII!$D:$D,MATCH(B3,Resumo_NUTSIII!$A:$A,0))) -> 20.6 | F3: =IF(B3="","",INDEX(Resumo_NUTSIII!$E:$E,MATCH(B3,Resumo_NUTSIII!$A:$A,0))) -> 140 | G3: =IF(B3="","",INDEX(Resumo_NUTSIII!$F:$F,MATCH(B3,Resumo_NUTSIII!$A:$A,0))) -> 520 | H3: =IF(B3="","",INDEX(Resumo_NUTSIII!$G:$G,MATCH(B3,Resumo_NUTSIII!$A:$A,0))) -> 490 | I3: =IF(B3="","",INDEX(Resumo_NUTSIII!$H:$H,MATCH(B3,Resumo_NUTSIII!$A:$A,0))) -> 220 | J3: =IF(B3="","",INDEX(Resumo_NUTSIII!$I:$I,MATCH(B3,Resumo_NUTSIII!$A:$A,0))) -> 490 | K3: =IF(B3="","",INDEX(Resumo_NUTSIII!$J:$J,MATCH(B3,Resumo_NUTSIII!$A:$A,0))) -> 50 | L3: =IF(B3="","",INDEX(Resumo_NUTSIII!$K:$K,MATCH(B3,Resumo_NUTSIII!$A:$A,0))) -> 6.3
A4: Anadia | B4: Baixo Vouga | C4: =IF(B4="","",INDEX(Resumo_NUTSIII!$B:$B,MATCH(B4,Resumo_NUTSIII!$A:$A,0))) -> 1337 | D4: =IF(B4="","",INDEX(Resumo_NUTSIII!$C:$C,MATCH(B4,Resumo_NUTSIII!$A:$A,0))) -> 9.5 | E4: =IF(B4="","",INDEX(Resumo_NUTSIII!$D:$D,MATCH(B4,Resumo_NUTSIII!$A:$A,0))) -> 20.6 | F4: =IF(B4="","",INDEX(Resumo_NUTSIII!$E:$E,MATCH(B4,Resumo_NUTSIII!$A:$A,0))) -> 140 | G4: =IF(B4="","",INDEX(Resumo_NUTSIII!$F:$F,MATCH(B4,Resumo_NUTSIII!$A:$A,0))) -> 520 | H4: =IF(B4="","",INDEX(Resumo_NUTSIII!$G:$G,MATCH(B4,Resumo_NUTSIII!$A:$A,0))) -> 490 | I4: =IF(B4="","",INDEX(Resumo_NUTSIII!$H:$H,MATCH(B4,Resumo_NUTSIII!$A:$A,0))) -> 220 | J4: =IF(B4="","",INDEX(Resumo_NUTSIII!$I:$I,MATCH(B4,Resumo_NUTSIII!$A:$A,0))) -> 490 | K4: =IF(B4="","",INDEX(Resumo_NUTSIII!$J:$J,MATCH(B4,Resumo_NUTSIII!$A:$A,0))) -> 50 | L4: =IF(B4="","",INDEX(Resumo_NUTSIII!$K:$K,MATCH(B4,Resumo_NUTSIII!$A:$A,0))) -> 6.3
A5: Arouca | B5: Entre Douro e Vouga | C5: =IF(B5="","",INDEX(Resumo_NUTSIII!$B:$B,MATCH(B5,Resumo_NUTSIII!$A:$A,0))) -> 1544 | D5: =IF(B5="","",INDEX(Resumo_NUTSIII!$C:$C,MATCH(B5,Resumo_NUTSIII!$A:$A,0))) -> 8.4 | E5: =IF(B5="","",INDEX(Resumo_NUTSIII!$D:$D,MATCH(B5,Resumo_NUTSIII!$A:$A,0))) -> 20.6 | F5: =IF(B5="","",INDEX(Resumo_NUTSIII!$E:$E,MATCH(B5,Resumo_NUTSIII!$A:$A,0))) -> 135 | G5: =IF(B5="","",INDEX(Resumo_NUTSIII!$F:$F,MATCH(B5,Resumo_NUTSIII!$A:$A,0))) -> 425 | H5: =IF(B5="","",INDEX(Resumo_NUTSIII!$G:$G,MATCH(B5,Resumo_NUTSIII!$A:$A,0))) -> 490 | I5: =IF(B5="","",INDEX(Resumo_NUTSIII!$H:$H,MATCH(B5,Resumo_NUTSIII!$A:$A,0))) -> 220 | J5: =IF(B5="","",INDEX(Resumo_NUTSIII!$I:$I,MATCH(B5,Resumo_NUTSIII!$A:$A,0))) -> 490 | K5: =IF(B5="","",INDEX(Resumo_NUTSIII!$J:$J,MATCH(B5,Resumo_NUTSIII!$A:$A,0))) -> 298 | L5: =IF(B5="","",INDEX(Resumo_NUTSIII!$K:$K,MATCH(B5,Resumo_NUTSIII!$A:$A,0))) -> 6.9
A6: Aveiro | B6: Baixo Vouga | C6: =IF(B6="","",INDEX(Resumo_NUTSIII!$B:$B,MATCH(B6,Resumo_NUTSIII!$A:$A,0))) -> 1337 | D6: =IF(B6="","",INDEX(Resumo_NUTSIII!$C:$C,MATCH(B6,Resumo_NUTSIII!$A:$A,0))) -> 9.5 | E6: =IF(B6="","",INDEX(Resumo_NUTSIII!$D:$D,MATCH(B6,Resumo_NUTSIII!$A:$A,0))) -> 20.6 | F6: =IF(B6="","",INDEX(Resumo_NUTSIII!$E:$E,MATCH(B6,Resumo_NUTSIII!$A:$A,0))) -> 140 | G6: =IF(B6="","",INDEX(Resumo_NUTSIII!$F:$F,MATCH(B6,Resumo_NUTSIII!$A:$A,0))) -> 520 | H6: =IF(B6="","",INDEX(Resumo_NUTSIII!$G:$G,MATCH(B6,Resumo_NUTSIII!$A:$A,0))) -> 490 | I6: =IF(B6="","",INDEX(Resumo_NUTSIII!$H:$H,MATCH(B6,Resumo_NUTSIII!$A:$A,0))) -> 220 | J6: =IF(B6="","",INDEX(Resumo_NUTSIII!$I:$I,MATCH(B6,Resumo_NUTSIII!$A:$A,0))) -> 490 | K6: =IF(B6="","",INDEX(Resumo_NUTSIII!$J:$J,MATCH(B6,Resumo_NUTSIII!$A:$A,0))) -> 50 | L6: =IF(B6="","",INDEX(Resumo_NUTSIII!$K:$K,MATCH(B6,Resumo_NUTSIII!$A:$A,0))) -> 6.3
A7: Castelo de Paiva | B7: Tamega | C7: =IF(B7="","",INDEX(Resumo_NUTSIII!$B:$B,MATCH(B7,Resumo_NUTSIII!$A:$A,0))) -> 1570 | D7: =IF(B7="","",INDEX(Resumo_NUTSIII!$C:$C,MATCH(B7,Resumo_NUTSIII!$A:$A,0))) -> 7.8 | E7: =IF(B7="","",INDEX(Resumo_NUTSIII!$D:$D,MATCH(B7,Resumo_NUTSIII!$A:$A,0))) -> 21.4 | F7: =IF(B7="","",INDEX(Resumo_NUTSIII!$E:$E,MATCH(B7,Resumo_NUTSIII!$A:$A,0))) -> 135 | G7: =IF(B7="","",INDEX(Resumo_NUTSIII!$F:$F,MATCH(B7,Resumo_NUTSIII!$A:$A,0))) -> 425 | H7: =IF(B7="","",INDEX(Resumo_NUTSIII!$G:$G,MATCH(B7,Resumo_NUTSIII!$A:$A,0))) -> 490 | I7: =IF(B7="","",INDEX(Resumo_NUTSIII!$H:$H,MATCH(B7,Resumo_NUTSIII!$A:$A,0))) -> 220 | J7: =IF(B7="","",INDEX(Resumo_NUTSIII!$I:$I,MATCH(B7,Resumo_NUTSIII!$A:$A,0))) -> 490 | K7: =IF(B7="","",INDEX(Resumo_NUTSIII!$J:$J,MATCH(B7,Resumo_NUTSIII!$A:$A,0))) -> 320 | L7: =IF(B7="","",INDEX(Resumo_NUTSIII!$K:$K,MATCH(B7,Resumo_NUTSIII!$A:$A,0))) -> 6.7
A8: Espinho | B8: Entre Douro e Vouga | C8: =IF(B8="","",INDEX(Resumo_NUTSIII!$B:$B,MATCH(B8,Resumo_NUTSIII!$A:$A,0))) -> 1544 | D8: =IF(B8="","",INDEX(Resumo_NUTSIII!$C:$C,MATCH(B8,Resumo_NUTSIII!$A:$A,0))) -> 8.4 | E8: =IF(B8="","",INDEX(Resumo_NUTSIII!$D:$D,MATCH(B8,Resumo_NUTSIII!$A:$A,0))) -> 20.6 | F8: =IF(B8="","",INDEX(Resumo_NUTSIII!$E:$E,MATCH(B8,Resumo_NUTSIII!$A:$A,0))) -> 135 | G8: =IF(B8="","",INDEX(Resumo_NUTSIII!$F:$F,MATCH(B8,Resumo_NUTSIII!$A:$A,0))) -> 425 | H8: =IF(B8="","",INDEX(Resumo_NUTSIII!$G:$G,MATCH(B8,Resumo_NUTSIII!$A:$A,0))) -> 490 | I8: =IF(B8="","",INDEX(Resumo_NUTSIII!$H:$H,MATCH(B8,Resumo_NUTSIII!$A:$A,0))) -> 220 | J8: =IF(B8="","",INDEX(Resumo_NUTSIII!$I:$I,MATCH(B8,Resumo_NUTSIII!$A:$A,0))) -> 490 | K8: =IF(B8="","",INDEX(Resumo_NUTSIII!$J:$J,MATCH(B8,Resumo_NUTSIII!$A:$A,0))) -> 298 | L8: =IF(B8="","",INDEX(Resumo_NUTSIII!$K:$K,MATCH(B8,Resumo_NUTSIII!$A:$A,0))) -> 6.9
A9: Estarreja | B9: Baixo Vouga | C9: =IF(B9="","",INDEX(Resumo_NUTSIII!$B:$B,MATCH(B9,Resumo_NUTSIII!$A:$A,0))) -> 1337 | D9: =IF(B9="","",INDEX(Resumo_NUTSIII!$C:$C,MATCH(B9,Resumo_NUTSIII!$A:$A,0))) -> 9.5 | E9: =IF(B9="","",INDEX(Resumo_NUTSIII!$D:$D,MATCH(B9,Resumo_NUTSIII!$A:$A,0))) -> 20.6 | F9: =IF(B9="","",INDEX(Resumo_NUTSIII!$E:$E,MATCH(B9,Resumo_NUTSIII!$A:$A,0))) -> 140 | G9: =IF(B9="","",INDEX(Resumo_NUTSIII!$F:$F,MATCH(B9,Resumo_NUTSIII!$A:$A,0))) -> 520 | H9: =IF(B9="","",INDEX(Resumo_NUTSIII!$G:$G,MATCH(B9,Resumo_NUTSIII!$A:$A,0))) -> 490 | I9: =IF(B9="","",INDEX(Resumo_NUTSIII!$H:$H,MATCH(B9,Resumo_NUTSIII!$A:$A,0))) -> 220 | J9: =IF(B9="","",INDEX(Resumo_NUTSIII!$I:$I,MATCH(B9,Resumo_NUTSIII!$A:$A,0))) -> 490 | K9: =IF(B9="","",INDEX(Resumo_NUTSIII!$J:$J,MATCH(B9,Resumo_NUTSIII!$A:$A,0))) -> 50 | L9: =IF(B9="","",INDEX(Resumo_NUTSIII!$K:$K,MATCH(B9,Resumo_NUTSIII!$A:$A,0))) -> 6.3
A10: Ílhavo | B10: Baixo Vouga | C10: =IF(B10="","",INDEX(Resumo_NUTSIII!$B:$B,MATCH(B10,Resumo_NUTSIII!$A:$A,0))) -> 1337 | D10: =IF(B10="","",INDEX(Resumo_NUTSIII!$C:$C,MATCH(B10,Resumo_NUTSIII!$A:$A,0))) -> 9.5 | E10: =IF(B10="","",INDEX(Resumo_NUTSIII!$D:$D,MATCH(B10,Resumo_NUTSIII!$A:$A,0))) -> 20.6 | F10: =IF(B10="","",INDEX(Resumo_NUTSIII!$E:$E,MATCH(B10,Resumo_NUTSIII!$A:$A,0))) -> 140 | G10: =IF(B10="","",INDEX(Resumo_NUTSIII!$F:$F,MATCH(B10,Resumo_NUTSIII!$A:$A,0))) -> 520 | H10: =IF(B10="","",INDEX(Resumo_NUTSIII!$G:$G,MATCH(B10,Resumo_NUTSIII!$A:$A,0))) -> 490 | I10: =IF(B10="","",INDEX(Resumo_NUTSIII!$H:$H,MATCH(B10,Resumo_NUTSIII!$A:$A,0))) -> 220 | J10: =IF(B10="","",INDEX(Resumo_NUTSIII!$I:$I,MATCH(B10,Resumo_NUTSIII!$A:$A,0))) -> 490 | K10: =IF(B10="","",INDEX(Resumo_NUTSIII!$J:$J,MATCH(B10,Resumo_NUTSIII!$A:$A,0))) -> 50 | L10: =IF(B10="","",INDEX(Resumo_NUTSIII!$K:$K,MATCH(B10,Resumo_NUTSIII!$A:$A,0))) -> 6.3
A11: Mealhada | B11: Baixo Mondego | C11: =IF(B11="","",INDEX(Resumo_NUTSIII!$B:$B,MATCH(B11,Resumo_NUTSIII!$A:$A,0))) -> 1304 | D11: =IF(B11="","",INDEX(Resumo_NUTSIII!$C:$C,MATCH(B11,Resumo_NUTSIII!$A:$A,0))) -> 9.7 | E11: =IF(B11="","",INDEX(Resumo_NUTSIII!$D:$D,MATCH(B11,Resumo_NUTSIII!$A:$A,0))) -> 20.9 | F11: =IF(B11="","",INDEX(Resumo_NUTSIII!$E:$E,MATCH(B11,Resumo_NUTSIII!$A:$A,0))) -> 140 | G11: =IF(B11="","",INDEX(Resumo_NUTSIII!$F:$F,MATCH(B11,Resumo_NUTSIII!$A:$A,0))) -> 420 | H11: =IF(B11="","",INDEX(Resumo_NUTSIII!$G:$G,MATCH(B11,Resumo_NUTSIII!$A:$A,0))) -> 495 | I11: =IF(B11="","",INDEX(Resumo_NUTSIII!$H:$H,MATCH(B11,Resumo_NUTSIII!$A:$A,0))) -> 225 | J11: =IF(B11="","",INDEX(Resumo_NUTSIII!$I:$I,MATCH(B11,Resumo_NUTSIII!$A:$A,0))) -> 495 | K11: =IF(B11="","",INDEX(Resumo_NUTSIII!$J:$J,MATCH(B11,Resumo_NUTSIII!$A:$A,0))) -> 67 | L11: =IF(B11="","",INDEX(Resumo_NUTSIII!$K:$K,MATCH(B11,Resumo_NUTSIII!$A:$A,0))) -> 6.3
A12: Murtosa | B12: Baixo Vouga | C12: =IF(B12="","",INDEX(Resumo_NUTSIII!$B:$B,MATCH(B12,Resumo_NUTSIII!$A:$A,0))) -> 1337 | D12: =IF(B12="","",INDEX(Resumo_NUTSIII!$C:$C,MATCH(B12,Resumo_NUTSIII!$A:$A,0))) -> 9.5 | E12: =IF(B12="","",INDEX(Resumo_NUTSIII!$D:$D,MATCH(B12,Resumo_NUTSIII!$A:$A,0))) -> 20.6 | F12: =IF(B12="","",INDEX(Resumo_NUTSIII!$E:$E,MATCH(B12,Resumo_NUTSIII!$A:$A,0))) -> 140 | G12: =IF(B12="","",INDEX(Resumo_NUTSIII!$F:$F,MATCH(B12,Resumo_NUTSIII!$A:$A,0))) -> 520 | H12: =IF(B12="","",INDEX(Resumo_NUTSIII!$G:$G,MATCH(B12,Resumo_NUTSIII!$A:$A,0))) -> 490 | I12: =IF(B12="","",INDEX(Resumo_NUTSIII!$H:$H,MATCH(B12,Resumo_NUTSIII!$A:$A,0))) -> 220 | J12: =IF(B12="","",INDEX(Resumo_NUTSIII!$I:$I,MATCH(B12,Resumo_NUTSIII!$A:$A,0))) -> 490 | K12: =IF(B12="","",INDEX(Resumo_NUTSIII!$J:$J,MATCH(B12,Resumo_NUTSIII!$A:$A,0))) -> 50 | L12: =IF(B12="","",INDEX(Resumo_NUTSIII!$K:$K,MATCH(B12,Resumo_NUTSIII!$A:$A,0))) -> 6.3
A13: Oliveira de Azeméis | B13: Entre Douro e Vouga | C13: =IF(B13="","",INDEX(Resumo_NUTSIII!$B:$B,MATCH(B13,Resumo_NUTSIII!$A:$A,0))) -> 1544 | D13: =IF(B13="","",INDEX(Resumo_NUTSIII!$C:$C,MATCH(B13,Resumo_NUTSIII!$A:$A,0))) -> 8.4 | E13: =IF(B13="","",INDEX(Resumo_NUTSIII!$D:$D,MATCH(B13,Resumo_NUTSIII!$A:$A,0))) -> 20.6 | F13: =IF(B13="","",INDEX(Resumo_NUTSIII!$E:$E,MATCH(B13,Resumo_NUTSIII!$A:$A,0))) -> 135 | G13: =IF(B13="","",INDEX(Resumo_NUTSIII!$F:$F,MATCH(B13,Resumo_NUTSIII!$A:$A,0))) -> 425 | H13: =IF(B13="","",INDEX(Resumo_NUTSIII!$G:$G,MATCH(B13,Resumo_NUTSIII!$A:$A,0))) -> 490 | I13: =IF(B13="","",INDEX(Resumo_NUTSIII!$H:$H,MATCH(B13,Resumo_NUTSIII!$A:$A,0))) -> 220 | J13: =IF(B13="","",INDEX(Resumo_NUTSIII!$I:$I,MATCH(B13,Resumo_NUTSIII!$A:$A,0))) -> 490 | K13: =IF(B13="","",INDEX(Resumo_NUTSIII!$J:$J,MATCH(B13,Resumo_NUTSIII!$A:$A,0))) -> 298 | L13: =IF(B13="","",INDEX(Resumo_NUTSIII!$K:$K,MATCH(B13,Resumo_NUTSIII!$A:$A,0))) -> 6.9
... A20: Vale de Cambra | B20: Entre Douro e Vouga | C20: =IF(B20="","",INDEX(Resumo_NUTSIII!$B:$B,MATCH(B20,Resumo_NUTSIII!$A:$A,0))) -> 1544 | D20: =IF(B20="","",INDEX(Resumo_NUTSIII!$C:$C,MATCH(B20,Resumo_NUTSIII!$A:$A,0))) -> 8.4 | E20: =IF(B20="","",INDEX(Resumo_NUTSIII!$D:$D,MATCH(B20,Resumo_NUTSIII!$A:$A,0))) -> 20.6 | F20: =IF(B20="","",INDEX(Resumo_NUTSIII!$E:$E,MATCH(B20,Resumo_NUTSIII!$A:$A,0))) -> 135 | G20: =IF(B20="","",INDEX(Resumo_NUTSIII!$F:$F,MATCH(B20,Resumo_NUTSIII!$A:$A,0))) -> 425 | H20: =IF(B20="","",INDEX(Resumo_NUTSIII!$G:$G,MATCH(B20,Resumo_NUTSIII!$A:$A,0))) -> 490 | I20: =IF(B20="","",INDEX(Resumo_NUTSIII!$H:$H,MATCH(B20,Resumo_NUTSIII!$A:$A,0))) -> 220 | J20: =IF(B20="","",INDEX(Resumo_NUTSIII!$I:$I,MATCH(B20,Resumo_NUTSIII!$A:$A,0))) -> 490 | K20: =IF(B20="","",INDEX(Resumo_NUTSIII!$J:$J,MATCH(B20,Resumo_NUTSIII!$A:$A,0))) -> 298 | L20: =IF(B20="","",INDEX(Resumo_NUTSIII!$K:$K,MATCH(B20,Resumo_NUTSIII!$A:$A,0))) -> 6.9

Sheet Beja
A1: Concelho | B1: NUTS III | C1: GD_REF | D1: theta_inv_REF | E1: theta_ver_REF | F1: G_inv_sul_kWhm2mes | G1: G_verao_S_kWhm2mes | H1: G_verao_O_kWhm2mes | I1: G_verao_N_kWhm2mes | J1: G_verao_E_kWhm2mes | K1: z_REF_m | L1: Mref
A2: Aljustrel | B2: Baixo Alentejo | C2: =IF(B2="","",INDEX(Resumo_NUTSIII!$B:$B,MATCH(B2,Resumo_NUTSIII!$A:$A,0))) -> 1068 | D2: =IF(B2="","",INDEX(Resumo_NUTSIII!$C:$C,MATCH(B2,Resumo_NUTSIII!$A:$A,0))) -> 10.7 | E2: =IF(B2="","",INDEX(Resumo_NUTSIII!$D:$D,MATCH(B2,Resumo_NUTSIII!$A:$A,0))) -> 24.7 | F2: =IF(B2="","",INDEX(Resumo_NUTSIII!$E:$E,MATCH(B2,Resumo_NUTSIII!$A:$A,0))) -> 155 | G2: =IF(B2="","",INDEX(Resumo_NUTSIII!$F:$F,MATCH(B2,Resumo_NUTSIII!$A:$A,0))) -> 405 | H2: =IF(B2="","",INDEX(Resumo_NUTSIII!$G:$G,MATCH(B2,Resumo_NUTSIII!$A:$A,0))) -> 510 | I2: =IF(B2="","",INDEX(Resumo_NUTSIII!$H:$H,MATCH(B2,Resumo_NUTSIII!$A:$A,0))) -> 225 | J2: =IF(B2="","",INDEX(Resumo_NUTSIII!$I:$I,MATCH(B2,Resumo_NUTSIII!$A:$A,0))) -> 510 | K2: =IF(B2="","",INDEX(Resumo_NUTSIII!$J:$J,MATCH(B2,Resumo_NUTSIII!$A:$A,0))) -> 178 | L2: =IF(B2="","",INDEX(Resumo_NUTSIII!$K:$K,MATCH(B2,Resumo_NUTSIII!$A:$A,0))) -> 5.0
A3: Almodôvar | B3: Baixo Alentejo | C3: =IF(B3="","",INDEX(Resumo_NUTSIII!$B:$B,MATCH(B3,Resumo_NUTSIII!$A:$A,0))) -> 1068 | D3: =IF(B3="","",INDEX(Resumo_NUTSIII!$C:$C,MATCH(B3,Resumo_NUTSIII!$A:$A,0))) -> 10.7 | E3: =IF(B3="","",INDEX(Resumo_NUTSIII!$D:$D,MATCH(B3,Resumo_NUTSIII!$A:$A,0))) -> 24.7 | F3: =IF(B3="","",INDEX(Resumo_NUTSIII!$E:$E,MATCH(B3,Resumo_NUTSIII!$A:$A,0))) -> 155 | G3: =IF(B3="","",INDEX(Resumo_NUTSIII!$F:$F,MATCH(B3,Resumo_NUTSIII!$A:$A,0))) -> 405 | H3: =IF(B3="","",INDEX(Resumo_NUTSIII!$G:$G,MATCH(B3,Resumo_NUTSIII!$A:$A,0))) -> 510 | I3: =IF(B3="","",INDEX(Resumo_NUTSIII!$H:$H,MATCH(B3,Resumo_NUTSIII!$A:$A,0))) -> 225 | J3: =IF(B3="","",INDEX(Resumo_NUTSIII!$I:$I,MATCH(B3,Resumo_NUTSIII!$A:$A,0))) -> 510 | K3: =IF(B3="","",INDEX(Resumo_NUTSIII!$J:$J,MATCH(B3,Resumo_NUTSIII!$A:$A,0))) -> 178 | L3: =IF(B3="","",INDEX(Resumo_NUTSIII!$K:$K,MATCH(B3,Resumo_NUTSIII!$A:$A,0))) -> 5.0
A4: Alvito | B4: Baixo Alentejo | C4: =IF(B4="","",INDEX(Resumo_NUTSIII!$B:$B,MATCH(B4,Resumo_NUTSIII!$A:$A,0))) -> 1068 | D4: =IF(B4="","",INDEX(Resumo_NUTSIII!$C:$C,MATCH(B4,Resumo_NUTSIII!$A:$A,0))) -> 10.7 | E4: =IF(B4="","",INDEX(Resumo_NUTSIII!$D:$D,MATCH(B4,Resumo_NUTSIII!$A:$A,0))) -> 24.7 | F4: =IF(B4="","",INDEX(Resumo_NUTSIII!$E:$E,MATCH(B4,Resumo_NUTSIII!$A:$A,0))) -> 155 | G4: =IF(B4="","",INDEX(Resumo_NUTSIII!$F:$F,MATCH(B4,Resumo_NUTSIII!$A:$A,0))) -> 405 | H4: =IF(B4="","",INDEX(Resumo_NUTSIII!$G:$G,MATCH(B4,Resumo_NUTSIII!$A:$A,0))) -> 510 | I4: =IF(B4="","",INDEX(Resumo_NUTSIII!$H:$H,MATCH(B4,Resumo_NUTSIII!$A:$A,0))) -> 225 | J4: =IF(B4="","",INDEX(Resumo_NUTSIII!$I:$I,MATCH(B4,Resumo_NUTSIII!$A:$A,0))) -> 510 | K4: =IF(B4="","",INDEX(Resumo_NUTSIII!$J:$J,MATCH(B4,Resumo_NUTSIII!$A:$A,0))) -> 178 | L4: =IF(B4="","",INDEX(Resumo_NUTSIII!$K:$K,MATCH(B4,Resumo_NUTSIII!$A:$A,0))) -> 5.0
A5: Barrancos | B5: Baixo Alentejo | C5: =IF(B5="","",INDEX(Resumo_NUTSIII!$B:$B,MATCH(B5,Resumo_NUTSIII!$A:$A,0))) -> 1068 | D5: =IF(B5="","",INDEX(Resumo_NUTSIII!$C:$C,MATCH(B5,Resumo_NUTSIII!$A:$A,0))) -> 10.7 | E5: =IF(B5="","",INDEX(Resumo_NUTSIII!$D:$D,MATCH(B5,Resumo_NUTSIII!$A:$A,0))) -> 24.7 | F5: =IF(B5="","",INDEX(Resumo_NUTSIII!$E:$E,MATCH(B5,Resumo_NUTSIII!$A:$A,0))) -> 155 | G5: =IF(B5="","",INDEX(Resumo_NUTSIII!$F:$F,MATCH(B5,Resumo_NUTSIII!$A:$A,0))) -> 405 | H5: =IF(B5="","",INDEX(Resumo_NUTSIII!$G:$G,MATCH(B5,Resumo_NUTSIII!$A:$A,0))) -> 510 | I5: =IF(B5="","",INDEX(Resumo_NUTSIII!$H:$H,MATCH(B5,Resumo_NUTSIII!$A:$A,0))) -> 225 | J5: =IF(B5="","",INDEX(Resumo_NUTSIII!$I:$I,MATCH(B5,Resumo_NUTSIII!$A:$A,0))) -> 510 | K5: =IF(B5="","",INDEX(Resumo_NUTSIII!$J:$J,MATCH(B5,Resumo_NUTSIII!$A:$A,0))) -> 178 | L5: =IF(B5="","",INDEX(Resumo_NUTSIII!$K:$K,MATCH(B5,Resumo_NUTSIII!$A:$A,0))) -> 5.0
A6: Beja | B6: Baixo Alentejo | C6: =IF(B6="","",INDEX(Resumo_NUTSIII!$B:$B,MATCH(B6,Resumo_NUTSIII!$A:$A,0))) -> 1068 | D6: =IF(B6="","",INDEX(Resumo_NUTSIII!$C:$C,MATCH(B6,Resumo_NUTSIII!$A:$A,0))) -> 10.7 | E6: =IF(B6="","",INDEX(Resumo_NUTSIII!$D:$D,MATCH(B6,Resumo_NUTSIII!$A:$A,0))) -> 24.7 | F6: =IF(B6="","",INDEX(Resumo_NUTSIII!$E:$E,MATCH(B6,Resumo_NUTSIII!$A:$A,0))) -> 155 | G6: =IF(B6="","",INDEX(Resumo_NUTSIII!$F:$F,MATCH(B6,Resumo_NUTSIII!$A:$A,0))) -> 405 | H6: =IF(B6="","",INDEX(Resumo_NUTSIII!$G:$G,MATCH(B6,Resumo_NUTSIII!$A:$A,0))) -> 510 | I6: =IF(B6="","",INDEX(Resumo_NUTSIII!$H:$H,MATCH(B6,Resumo_NUTSIII!$A:$A,0))) -> 225 | J6: =IF(B6="","",INDEX(Resumo_NUTSIII!$I:$I,MATCH(B6,Resumo_NUTSIII!$A:$A,0))) -> 510 | K6: =IF(B6="","",INDEX(Resumo_NUTSIII!$J:$J,MATCH(B6,Resumo_NUTSIII!$A:$A,0))) -> 178 | L6: =IF(B6="","",INDEX(Resumo_NUTSIII!$K:$K,MATCH(B6,Resumo_NUTSIII!$A:$A,0))) -> 5.0
A7: Castro Verde | B7: Baixo Alentejo | C7: =IF(B7="","",INDEX(Resumo_NUTSIII!$B:$B,MATCH(B7,Resumo_NUTSIII!$A:$A,0))) -> 1068 | D7: =IF(B7="","",INDEX(Resumo_NUTSIII!$C:$C,MATCH(B7,Resumo_NUTSIII!$A:$A,0))) -> 10.7 | E7: =IF(B7="","",INDEX(Resumo_NUTSIII!$D:$D,MATCH(B7,Resumo_NUTSIII!$A:$A,0))) -> 24.7 | F7: =IF(B7="","",INDEX(Resumo_NUTSIII!$E:$E,MATCH(B7,Resumo_NUTSIII!$A:$A,0))) -> 155 | G7: =IF(B7="","",INDEX(Resumo_NUTSIII!$F:$F,MATCH(B7,Resumo_NUTSIII!$A:$A,0))) -> 405 | H7: =IF(B7="","",INDEX(Resumo_NUTSIII!$G:$G,MATCH(B7,Resumo_NUTSIII!$A:$A,0))) -> 510 | I7: =IF(B7="","",INDEX(Resumo_NUTSIII!$H:$H,MATCH(B7,Resumo_NUTSIII!$A:$A,0))) -> 225 | J7: =IF(B7="","",INDEX(Resumo_NUTSIII!$I:$I,MATCH(B7,Resumo_NUTSIII!$A:$A,0))) -> 510 | K7: =IF(B7="","",INDEX(Resumo_NUTSIII!$J:$J,MATCH(B7,Resumo_NUTSIII!$A:$A,0))) -> 178 | L7: =IF(B7="","",INDEX(Resumo_NUTSIII!$K:$K,MATCH(B7,Resumo_NUTSIII!$A:$A,0))) -> 5.0
A8: Cuba | B8: Baixo Alentejo | C8: =IF(B8="","",INDEX(Resumo_NUTSIII!$B:$B,MATCH(B8,Resumo_NUTSIII!$A:$A,0))) -> 1068 | D8: =IF(B8="","",INDEX(Resumo_NUTSIII!$C:$C,MATCH(B8,Resumo_NUTSIII!$A:$A,0))) -> 10.7 | E8: =IF(B8="","",INDEX(Resumo_NUTSIII!$D:$D,MATCH(B8,Resumo_NUTSIII!$A:$A,0))) -> 24.7 | F8: =IF(B8="","",INDEX(Resumo_NUTSIII!$E:$E,MATCH(B8,Resumo_NUTSIII!$A:$A,0))) -> 155 | G8: =IF(B8="","",INDEX(Resumo_NUTSIII!$F:$F,MATCH(B8,Resumo_NUTSIII!$A:$A,0))) -> 405 | H8: =IF(B8="","",INDEX(Resumo_NUTSIII!$G:$G,MATCH(B8,Resumo_NUTSIII!$A:$A,0))) -> 510 | I8: =IF(B8="","",INDEX(Resumo_NUTSIII!$H:$H,MATCH(B8,Resumo_NUTSIII!$A:$A,0))) -> 225 | J8: =IF(B8="","",INDEX(Resumo_NUTSIII!$I:$I,MATCH(B8,Resumo_NUTSIII!$A:$A,0))) -> 510 | K8: =IF(B8="","",INDEX(Resumo_NUTSIII!$J:$J,MATCH(B8,Resumo_NUTSIII!$A:$A,0))) -> 178 | L8: =IF(B8="","",INDEX(Resumo_NUTSIII!$K:$K,MATCH(B8,Resumo_NUTSIII!$A:$A,0))) -> 5.0
A9: Ferreira do Alentejo | B9: Baixo Alentejo | C9: =IF(B9="","",INDEX(Resumo_NUTSIII!$B:$B,MATCH(B9,Resumo_NUTSIII!$A:$A,0))) -> 1068 | D9: =IF(B9="","",INDEX(Resumo_NUTSIII!$C:$C,MATCH(B9,Resumo_NUTSIII!$A:$A,0))) -> 10.7 | E9: =IF(B9="","",INDEX(Resumo_NUTSIII!$D:$D,MATCH(B9,Resumo_NUTSIII!$A:$A,0))) -> 24.7 | F9: =IF(B9="","",INDEX(Resumo_NUTSIII!$E:$E,MATCH(B9,Resumo_NUTSIII!$A:$A,0))) -> 155 | G9: =IF(B9="","",INDEX(Resumo_NUTSIII!$F:$F,MATCH(B9,Resumo_NUTSIII!$A:$A,0))) -> 405 | H9: =IF(B9="","",INDEX(Resumo_NUTSIII!$G:$G,MATCH(B9,Resumo_NUTSIII!$A:$A,0))) -> 510 | I9: =IF(B9="","",INDEX(Resumo_NUTSIII!$H:$H,MATCH(B9,Resumo_NUTSIII!$A:$A,0))) -> 225 | J9: =IF(B9="","",INDEX(Resumo_NUTSIII!$I:$I,MATCH(B9,Resumo_NUTSIII!$A:$A,0))) -> 510 | K9: =IF(B9="","",INDEX(Resumo_NUTSIII!$J:$J,MATCH(B9,Resumo_NUTSIII!$A:$A,0))) -> 178 | L9: =IF(B9="","",INDEX(Resumo_NUTSIII!$K:$K,MATCH(B9,Resumo_NUTSIII!$A:$A,0))) -> 5.0
A10: Mértola | B10: Baixo Alentejo | C10: =IF(B10="","",INDEX(Resumo_NUTSIII!$B:$B,MATCH(B10,Resumo_NUTSIII!$A:$A,0))) -> 1068 | D10: =IF(B10="","",INDEX(Resumo_NUTSIII!$C:$C,MATCH(B10,Resumo_NUTSIII!$A:$A,0))) -> 10.7 | E10: =IF(B10="","",INDEX(Resumo_NUTSIII!$D:$D,MATCH(B10,Resumo_NUTSIII!$A:$A,0))) -> 24.7 | F10: =IF(B10="","",INDEX(Resumo_NUTSIII!$E:$E,MATCH(B10,Resumo_NUTSIII!$A:$A,0))) -> 155 | G10: =IF(B10="","",INDEX(Resumo_NUTSIII!$F:$F,MATCH(B10,Resumo_NUTSIII!$A:$A,0))) -> 405 | H10: =IF(B10="","",INDEX(Resumo_NUTSIII!$G:$G,MATCH(B10,Resumo_NUTSIII!$A:$A,0))) -> 510 | I10: =IF(B10="","",INDEX(Resumo_NUTSIII!$H:$H,MATCH(B10,Resumo_NUTSIII!$A:$A,0))) -> 225 | J10: =IF(B10="","",INDEX(Resumo_NUTSIII!$I:$I,MATCH(B10,Resumo_NUTSIII!$A:$A,0))) -> 510 | K10: =IF(B10="","",INDEX(Resumo_NUTSIII!$J:$J,MATCH(B10,Resumo_NUTSIII!$A:$A,0))) -> 178 | L10: =IF(B10="","",INDEX(Resumo_NUTSIII!$K:$K,MATCH(B10,Resumo_NUTSIII!$A:$A,0))) -> 5.0
A11: Moura | B11: Baixo Alentejo | C11: =IF(B11="","",INDEX(Resumo_NUTSIII!$B:$B,MATCH(B11,Resumo_NUTSIII!$A:$A,0))) -> 1068 | D11: =IF(B11="","",INDEX(Resumo_NUTSIII!$C:$C,MATCH(B11,Resumo_NUTSIII!$A:$A,0))) -> 10.7 | E11: =IF(B11="","",INDEX(Resumo_NUTSIII!$D:$D,MATCH(B11,Resumo_NUTSIII!$A:$A,0))) -> 24.7 | F11: =IF(B11="","",INDEX(Resumo_NUTSIII!$E:$E,MATCH(B11,Resumo_NUTSIII!$A:$A,0))) -> 155 | G11: =IF(B11="","",INDEX(Resumo_NUTSIII!$F:$F,MATCH(B11,Resumo_NUTSIII!$A:$A,0))) -> 405 | H11: =IF(B11="","",INDEX(Resumo_NUTSIII!$G:$G,MATCH(B11,Resumo_NUTSIII!$A:$A,0))) -> 510 | I11: =IF(B11="","",INDEX(Resumo_NUTSIII!$H:$H,MATCH(B11,Resumo_NUTSIII!$A:$A,0))) -> 225 | J11: =IF(B11="","",INDEX(Resumo_NUTSIII!$I:$I,MATCH(B11,Resumo_NUTSIII!$A:$A,0))) -> 510 | K11: =IF(B11="","",INDEX(Resumo_NUTSIII!$J:$J,MATCH(B11,Resumo_NUTSIII!$A:$A,0))) -> 178 | L11: =IF(B11="","",INDEX(Resumo_NUTSIII!$K:$K,MATCH(B11,Resumo_NUTSIII!$A:$A,0))) -> 5.0
A12: Ourique | B12: Baixo Alentejo | C12: =IF(B12="","",INDEX(Resumo_NUTSIII!$B:$B,MATCH(B12,Resumo_NUTSIII!$A:$A,0))) -> 1068 | D12: =IF(B12="","",INDEX(Resumo_NUTSIII!$C:$C,MATCH(B12,Resumo_NUTSIII!$A:$A,0))) -> 10.7 | E12: =IF(B12="","",INDEX(Resumo_NUTSIII!$D:$D,MATCH(B12,Resumo_NUTSIII!$A:$A,0))) -> 24.7 | F12: =IF(B12="","",INDEX(Resumo_NUTSIII!$E:$E,MATCH(B12,Resumo_NUTSIII!$A:$A,0))) -> 155 | G12: =IF(B12="","",INDEX(Resumo_NUTSIII!$F:$F,MATCH(B12,Resumo_NUTSIII!$A:$A,0))) -> 405 | H12: =IF(B12="","",INDEX(Resumo_NUTSIII!$G:$G,MATCH(B12,Resumo_NUTSIII!$A:$A,0))) -> 510 | I12: =IF(B12="","",INDEX(Resumo_NUTSIII!$H:$H,MATCH(B12,Resumo_NUTSIII!$A:$A,0))) -> 225 | J12: =IF(B12="","",INDEX(Resumo_NUTSIII!$I:$I,MATCH(B12,Resumo_NUTSIII!$A:$A,0))) -> 510 | K12: =IF(B12="","",INDEX(Resumo_NUTSIII!$J:$J,MATCH(B12,Resumo_NUTSIII!$A:$A,0))) -> 178 | L12: =IF(B12="","",INDEX(Resumo_NUTSIII!$K:$K,MATCH(B12,Resumo_NUTSIII!$A:$A,0))) -> 5.0
A13: Serpa | B13: Baixo Alentejo | C13: =IF(B13="","",INDEX(Resumo_NUTSIII!$B:$B,MATCH(B13,Resumo_NUTSIII!$A:$A,0))) -> 1068 | D13: =IF(B13="","",INDEX(Resumo_NUTSIII!$C:$C,MATCH(B13,Resumo_NUTSIII!$A:$A,0))) -> 10.7 | E13: =IF(B13="","",INDEX(Resumo_NUTSIII!$D:$D,MATCH(B13,Resumo_NUTSIII!$A:$A,0))) -> 24.7 | F13: =IF(B13="","",INDEX(Resumo_NUTSIII!$E:$E,MATCH(B13,Resumo_NUTSIII!$A:$A,0))) -> 155 | G13: =IF(B13="","",INDEX(Resumo_NUTSIII!$F:$F,MATCH(B13,Resumo_NUTSIII!$A:$A,0))) -> 405 | H13: =IF(B13="","",INDEX(Resumo_NUTSIII!$G:$G,MATCH(B13,Resumo_NUTSIII!$A:$A,0))) -> 510 | I13: =IF(B13="","",INDEX(Resumo_NUTSIII!$H:$H,MATCH(B13,Resumo_NUTSIII!$A:$A,0))) -> 225 | J13: =IF(B13="","",INDEX(Resumo_NUTSIII!$I:$I,MATCH(B13,Resumo_NUTSIII!$A:$A,0))) -> 510 | K13: =IF(B13="","",INDEX(Resumo_NUTSIII!$J:$J,MATCH(B13,Resumo_NUTSIII!$A:$A,0))) -> 178 | L13: =IF(B13="","",INDEX(Resumo_NUTSIII!$K:$K,MATCH(B13,Resumo_NUTSIII!$A:$A,0))) -> 5.0
A14: Vidigueira | B14: Baixo Alentejo | C14: =IF(B14="","",INDEX(Resumo_NUTSIII!$B:$B,MATCH(B14,Resumo_NUTSIII!$A:$A,0))) -> 1068 | D14: =IF(B14="","",INDEX(Resumo_NUTSIII!$C:$C,MATCH(B14,Resumo_NUTSIII!$A:$A,0))) -> 10.7 | E14: =IF(B14="","",INDEX(Resumo_NUTSIII!$D:$D,MATCH(B14,Resumo_NUTSIII!$A:$A,0))) -> 24.7 | F14: =IF(B14="","",INDEX(Resumo_NUTSIII!$E:$E,MATCH(B14,Resumo_NUTSIII!$A:$A,0))) -> 155 | G14: =IF(B14="","",INDEX(Resumo_NUTSIII!$F:$F,MATCH(B14,Resumo_NUTSIII!$A:$A,0))) -> 405 | H14: =IF(B14="","",INDEX(Resumo_NUTSIII!$G:$G,MATCH(B14,Resumo_NUTSIII!$A:$A,0))) -> 510 | I14: =IF(B14="","",INDEX(Resumo_NUTSIII!$H:$H,MATCH(B14,Resumo_NUTSIII!$A:$A,0))) -> 225 | J14: =IF(B14="","",INDEX(Resumo_NUTSIII!$I:$I,MATCH(B14,Resumo_NUTSIII!$A:$A,0))) -> 510 | K14: =IF(B14="","",INDEX(Resumo_NUTSIII!$J:$J,MATCH(B14,Resumo_NUTSIII!$A:$A,0))) -> 178 | L14: =IF(B14="","",INDEX(Resumo_NUTSIII!$K:$K,MATCH(B14,Resumo_NUTSIII!$A:$A,0))) -> 5.0
L15: =IF(B15="","",INDEX(Resumo_NUTSIII!$K:$K,MATCH(B15,Resumo_NUTSIII!$A:$A,0)))
L16: =IF(B16="","",INDEX(Resumo_NUTSIII!$K:$K,MATCH(B16,Resumo_NUTSIII!$A:$A,0)))
L17: =IF(B17="","",INDEX(Resumo_NUTSIII!$K:$K,MATCH(B17,Resumo_NUTSIII!$A:$A,0)))
L18: =IF(B18="","",INDEX(Resumo_NUTSIII!$K:$K,MATCH(B18,Resumo_NUTSIII!$A:$A,0)))
L19: =IF(B19="","",INDEX(Resumo_NUTSIII!$K:$K,MATCH(B19,Resumo_NUTSIII!$A:$A,0)))
L20: =IF(B20="","",INDEX(Resumo_NUTSIII!$K:$K,MATCH(B20,Resumo_NUTSIII!$A:$A,0)))

Sheet Braga
A1: Concelho | B1: NUTS III | C1: GD_REF | D1: theta_inv_REF | E1: theta_ver_REF | F1: G_inv_sul_kWhm2mes | G1: G_verao_S_kWhm2mes | H1: G_verao_O_kWhm2mes | I1: G_verao_N_kWhm2mes | J1: G_verao_E_kWhm2mes | K1: z_REF_m | L1: Mref
A2: Amares | B2: Cavado | C2: =IF(B2="","",INDEX(Resumo_NUTSIII!$B:$B,MATCH(B2,Resumo_NUTSIII!$A:$A,0))) -> 1491 | D2: =IF(B2="","",INDEX(Resumo_NUTSIII!$C:$C,MATCH(B2,Resumo_NUTSIII!$A:$A,0))) -> 9.0 | E2: =IF(B2="","",INDEX(Resumo_NUTSIII!$D:$D,MATCH(B2,Resumo_NUTSIII!$A:$A,0))) -> 20.7 | F2: =IF(B2="","",INDEX(Resumo_NUTSIII!$E:$E,MATCH(B2,Resumo_NUTSIII!$A:$A,0))) -> 125 | G2: =IF(B2="","",INDEX(Resumo_NUTSIII!$F:$F,MATCH(B2,Resumo_NUTSIII!$A:$A,0))) -> 425 | H2: =IF(B2="","",INDEX(Resumo_NUTSIII!$G:$G,MATCH(B2,Resumo_NUTSIII!$A:$A,0))) -> 485 | I2: =IF(B2="","",INDEX(Resumo_NUTSIII!$H:$H,MATCH(B2,Resumo_NUTSIII!$A:$A,0))) -> 220 | J2: =IF(B2="","",INDEX(Resumo_NUTSIII!$I:$I,MATCH(B2,Resumo_NUTSIII!$A:$A,0))) -> 485 | K2: =IF(B2="","",INDEX(Resumo_NUTSIII!$J:$J,MATCH(B2,Resumo_NUTSIII!$A:$A,0))) -> 171 | L2: =IF(B2="","",INDEX(Resumo_NUTSIII!$K:$K,MATCH(B2,Resumo_NUTSIII!$A:$A,0))) -> 6.8
A3: Barcelos | B3: Cavado | C3: =IF(B3="","",INDEX(Resumo_NUTSIII!$B:$B,MATCH(B3,Resumo_NUTSIII!$A:$A,0))) -> 1491 | D3: =IF(B3="","",INDEX(Resumo_NUTSIII!$C:$C,MATCH(B3,Resumo_NUTSIII!$A:$A,0))) -> 9.0 | E3: =IF(B3="","",INDEX(Resumo_NUTSIII!$D:$D,MATCH(B3,Resumo_NUTSIII!$A:$A,0))) -> 20.7 | F3: =IF(B3="","",INDEX(Resumo_NUTSIII!$E:$E,MATCH(B3,Resumo_NUTSIII!$A:$A,0))) -> 125 | G3: =IF(B3="","",INDEX(Resumo_NUTSIII!$F:$F,MATCH(B3,Resumo_NUTSIII!$A:$A,0))) -> 425 | H3: =IF(B3="","",INDEX(Resumo_NUTSIII!$G:$G,MATCH(B3,Resumo_NUTSIII!$A:$A,0))) -> 485 | I3: =IF(B3="","",INDEX(Resumo_NUTSIII!$H:$H,MATCH(B3,Resumo_NUTSIII!$A:$A,0))) -> 220 | J3: =IF(B3="","",INDEX(Resumo_NUTSIII!$I:$I,MATCH(B3,Resumo_NUTSIII!$A:$A,0))) -> 485 | K3: =IF(B3="","",INDEX(Resumo_NUTSIII!$J:$J,MATCH(B3,Resumo_NUTSIII!$A:$A,0))) -> 171 | L3: =IF(B3="","",INDEX(Resumo_NUTSIII!$K:$K,MATCH(B3,Resumo_NUTSIII!$A:$A,0))) -> 6.8
A4: Braga | B4: Cavado | C4: =IF(B4="","",INDEX(Resumo_NUTSIII!$B:$B,MATCH(B4,Resumo_NUTSIII!$A:$A,0))) -> 1491 | D4: =IF(B4="","",INDEX(Resumo_NUTSIII!$C:$C,MATCH(B4,Resumo_NUTSIII!$A:$A,0))) -> 9.0 | E4: =IF(B4="","",INDEX(Resumo_NUTSIII!$D:$D,MATCH(B4,Resumo_NUTSIII!$A:$A,0))) -> 20.7 | F4: =IF(B4="","",INDEX(Resumo_NUTSIII!$E:$E,MATCH(B4,Resumo_NUTSIII!$A:$A,0))) -> 125 | G4: =IF(B4="","",INDEX(Resumo_NUTSIII!$F:$F,MATCH(B4,Resumo_NUTSIII!$A:$A,0))) -> 425 | H4: =IF(B4="","",INDEX(Resumo_NUTSIII!$G:$G,MATCH(B4,Resumo_NUTSIII!$A:$A,0))) -> 485 | I4: =IF(B4="","",INDEX(Resumo_NUTSIII!$H:$H,MATCH(B4,Resumo_NUTSIII!$A:$A,0))) -> 220 | J4: =IF(B4="","",INDEX(Resumo_NUTSIII!$I:$I,MATCH(B4,Resumo_NUTSIII!$A:$A,0))) -> 485 | K4: =IF(B4="","",INDEX(Resumo_NUTSIII!$J:$J,MATCH(B4,Resumo_NUTSIII!$A:$A,0))) -> 171 | L4: =IF(B4="","",INDEX(Resumo_NUTSIII!$K:$K,MATCH(B4,Resumo_NUTSIII!$A:$A,0))) -> 6.8
A5: Cabeceiras de Basto | B5: Ave | C5: =IF(B5="","",INDEX(Resumo_NUTSIII!$B:$B,MATCH(B5,Resumo_NUTSIII!$A:$A,0))) -> 1653 | D5: =IF(B5="","",INDEX(Resumo_NUTSIII!$C:$C,MATCH(B5,Resumo_NUTSIII!$A:$A,0))) -> 7.8 | E5: =IF(B5="","",INDEX(Resumo_NUTSIII!$D:$D,MATCH(B5,Resumo_NUTSIII!$A:$A,0))) -> 20.8 | F5: =IF(B5="","",INDEX(Resumo_NUTSIII!$E:$E,MATCH(B5,Resumo_NUTSIII!$A:$A,0))) -> 125 | G5: =IF(B5="","",INDEX(Resumo_NUTSIII!$F:$F,MATCH(B5,Resumo_NUTSIII!$A:$A,0))) -> 425 | H5: =IF(B5="","",INDEX(Resumo_NUTSIII!$G:$G,MATCH(B5,Resumo_NUTSIII!$A:$A,0))) -> 490 | I5: =IF(B5="","",INDEX(Resumo_NUTSIII!$H:$H,MATCH(B5,Resumo_NUTSIII!$A:$A,0))) -> 220 | J5: =IF(B5="","",INDEX(Resumo_NUTSIII!$I:$I,MATCH(B5,Resumo_NUTSIII!$A:$A,0))) -> 490 | K5: =IF(B5="","",INDEX(Resumo_NUTSIII!$J:$J,MATCH(B5,Resumo_NUTSIII!$A:$A,0))) -> 426 | L5: =IF(B5="","",INDEX(Resumo_NUTSIII!$K:$K,MATCH(B5,Resumo_NUTSIII!$A:$A,0))) -> 7.2
A6: Celorico de Basto | B6: Ave | C6: =IF(B6="","",INDEX(Resumo_NUTSIII!$B:$B,MATCH(B6,Resumo_NUTSIII!$A:$A,0))) -> 1653 | D6: =IF(B6="","",INDEX(Resumo_NUTSIII!$C:$C,MATCH(B6,Resumo_NUTSIII!$A:$A,0))) -> 7.8 | E6: =IF(B6="","",INDEX(Resumo_NUTSIII!$D:$D,MATCH(B6,Resumo_NUTSIII!$A:$A,0))) -> 20.8 | F6: =IF(B6="","",INDEX(Resumo_NUTSIII!$E:$E,MATCH(B6,Resumo_NUTSIII!$A:$A,0))) -> 125 | G6: =IF(B6="","",INDEX(Resumo_NUTSIII!$F:$F,MATCH(B6,Resumo_NUTSIII!$A:$A,0))) -> 425 | H6: =IF(B6="","",INDEX(Resumo_NUTSIII!$G:$G,MATCH(B6,Resumo_NUTSIII!$A:$A,0))) -> 490 | I6: =IF(B6="","",INDEX(Resumo_NUTSIII!$H:$H,MATCH(B6,Resumo_NUTSIII!$A:$A,0))) -> 220 | J6: =IF(B6="","",INDEX(Resumo_NUTSIII!$I:$I,MATCH(B6,Resumo_NUTSIII!$A:$A,0))) -> 490 | K6: =IF(B6="","",INDEX(Resumo_NUTSIII!$J:$J,MATCH(B6,Resumo_NUTSIII!$A:$A,0))) -> 426 | L6: =IF(B6="","",INDEX(Resumo_NUTSIII!$K:$K,MATCH(B6,Resumo_NUTSIII!$A:$A,0))) -> 7.2
A7: Esposende | B7: Cavado | C7: =IF(B7="","",INDEX(Resumo_NUTSIII!$B:$B,MATCH(B7,Resumo_NUTSIII!$A:$A,0))) -> 1491 | D7: =IF(B7="","",INDEX(Resumo_NUTSIII!$C:$C,MATCH(B7,Resumo_NUTSIII!$A:$A,0))) -> 9.0 | E7: =IF(B7="","",INDEX(Resumo_NUTSIII!$D:$D,MATCH(B7,Resumo_NUTSIII!$A:$A,0))) -> 20.7 | F7: =IF(B7="","",INDEX(Resumo_NUTSIII!$E:$E,MATCH(B7,Resumo_NUTSIII!$A:$A,0))) -> 125 | G7: =IF(B7="","",INDEX(Resumo_NUTSIII!$F:$F,MATCH(B7,Resumo_NUTSIII!$A:$A,0))) -> 425 | H7: =IF(B7="","",INDEX(Resumo_NUTSIII!$G:$G,MATCH(B7,Resumo_NUTSIII!$A:$A,0))) -> 485 | I7: =IF(B7="","",INDEX(Resumo_NUTSIII!$H:$H,MATCH(B7,Resumo_NUTSIII!$A:$A,0))) -> 220 | J7: =IF(B7="","",INDEX(Resumo_NUTSIII!$I:$I,MATCH(B7,Resumo_NUTSIII!$A:$A,0))) -> 485 | K7: =IF(B7="","",INDEX(Resumo_NUTSIII!$J:$J,MATCH(B7,Resumo_NUTSIII!$A:$A,0))) -> 171 | L7: =IF(B7="","",INDEX(Resumo_NUTSIII!$K:$K,MATCH(B7,Resumo_NUTSIII!$A:$A,0))) -> 6.8
A8: Fafe | B8: Ave | C8: =IF(B8="","",INDEX(Resumo_NUTSIII!$B:$B,MATCH(B8,Resumo_NUTSIII!$A:$A,0))) -> 1653 | D8: =IF(B8="","",INDEX(Resumo_NUTSIII!$C:$C,MATCH(B8,Resumo_NUTSIII!$A:$A,0))) -> 7.8 | E8: =IF(B8="","",INDEX(Resumo_NUTSIII!$D:$D,MATCH(B8,Resumo_NUTSIII!$A:$A,0))) -> 20.8 | F8: =IF(B8="","",INDEX(Resumo_NUTSIII!$E:$E,MATCH(B8,Resumo_NUTSIII!$A:$A,0))) -> 125 | G8: =IF(B8="","",INDEX(Resumo_NUTSIII!$F:$F,MATCH(B8,Resumo_NUTSIII!$A:$A,0))) -> 425 | H8: =IF(B8="","",INDEX(Resumo_NUTSIII!$G:$G,MATCH(B8,Resumo_NUTSIII!$A:$A,0))) -> 490 | I8: =IF(B8="","",INDEX(Resumo_NUTSIII!$H:$H,MATCH(B8,Resumo_NUTSIII!$A:$A,0))) -> 220 | J8: =IF(B8="","",INDEX(Resumo_NUTSIII!$I:$I,MATCH(B8,Resumo_NUTSIII!$A:$A,0))) -> 490 | K8: =IF(B8="","",INDEX(Resumo_NUTSIII!$J:$J,MATCH(B8,Resumo_NUTSIII!$A:$A,0))) -> 426 | L8: =IF(B8="","",INDEX(Resumo_NUTSIII!$K:$K,MATCH(B8,Resumo_NUTSIII!$A:$A,0))) -> 7.2
A9: Guimarães | B9: Ave | C9: =IF(B9="","",INDEX(Resumo_NUTSIII!$B:$B,MATCH(B9,Resumo_NUTSIII!$A:$A,0))) -> 1653 | D9: =IF(B9="","",INDEX(Resumo_NUTSIII!$C:$C,MATCH(B9,Resumo_NUTSIII!$A:$A,0))) -> 7.8 | E9: =IF(B9="","",INDEX(Resumo_NUTSIII!$D:$D,MATCH(B9,Resumo_NUTSIII!$A:$A,0))) -> 20.8 | F9: =IF(B9="","",INDEX(Resumo_NUTSIII!$E:$E,MATCH(B9,Resumo_NUTSIII!$A:$A,0))) -> 125 | G9: =IF(B9="","",INDEX(Resumo_NUTSIII!$F:$F,MATCH(B9,Resumo_NUTSIII!$A:$A,0))) -> 425 | H9: =IF(B9="","",INDEX(Resumo_NUTSIII!$G:$G,MATCH(B9,Resumo_NUTSIII!$A:$A,0))) -> 490 | I9: =IF(B9="","",INDEX(Resumo_NUTSIII!$H:$H,MATCH(B9,Resumo_NUTSIII!$A:$A,0))) -> 220 | J9: =IF(B9="","",INDEX(Resumo_NUTSIII!$I:$I,MATCH(B9,Resumo_NUTSIII!$A:$A,0))) -> 490 | K9: =IF(B9="","",INDEX(Resumo_NUTSIII!$J:$J,MATCH(B9,Resumo_NUTSIII!$A:$A,0))) -> 426 | L9: =IF(B9="","",INDEX(Resumo_NUTSIII!$K:$K,MATCH(B9,Resumo_NUTSIII!$A:$A,0))) -> 7.2
A10: Póvoa de Lanhoso | B10: Ave | C10: =IF(B10="","",INDEX(Resumo_NUTSIII!$B:$B,MATCH(B10,Resumo_NUTSIII!$A:$A,0))) -> 1653 | D10: =IF(B10="","",INDEX(Resumo_NUTSIII!$C:$C,MATCH(B10,Resumo_NUTSIII!$A:$A,0))) -> 7.8 | E10: =IF(B10="","",INDEX(Resumo_NUTSIII!$D:$D,MATCH(B10,Resumo_NUTSIII!$A:$A,0))) -> 20.8 | F10: =IF(B10="","",INDEX(Resumo_NUTSIII!$E:$E,MATCH(B10,Resumo_NUTSIII!$A:$A,0))) -> 125 | G10: =IF(B10="","",INDEX(Resumo_NUTSIII!$F:$F,MATCH(B10,Resumo_NUTSIII!$A:$A,0))) -> 425 | H10: =IF(B10="","",INDEX(Resumo_NUTSIII!$G:$G,MATCH(B10,Resumo_NUTSIII!$A:$A,0))) -> 490 | I10: =IF(B10="","",INDEX(Resumo_NUTSIII!$H:$H,MATCH(B10,Resumo_NUTSIII!$A:$A,0))) -> 220 | J10: =IF(B10="","",INDEX(Resumo_NUTSIII!$I:$I,MATCH(B10,Resumo_NUTSIII!$A:$A,0))) -> 490 | K10: =IF(B10="","",INDEX(Resumo_NUTSIII!$J:$J,MATCH(B10,Resumo_NUTSIII!$A:$A,0))) -> 426 | L10: =IF(B10="","",INDEX(Resumo_NUTSIII!$K:$K,MATCH(B10,Resumo_NUTSIII!$A:$A,0))) -> 7.2
A11: Terras de Bouro | B11: Cavado | C11: =IF(B11="","",INDEX(Resumo_NUTSIII!$B:$B,MATCH(B11,Resumo_NUTSIII!$A:$A,0))) -> 1491 | D11: =IF(B11="","",INDEX(Resumo_NUTSIII!$C:$C,MATCH(B11,Resumo_NUTSIII!$A:$A,0))) -> 9.0 | E11: =IF(B11="","",INDEX(Resumo_NUTSIII!$D:$D,MATCH(B11,Resumo_NUTSIII!$A:$A,0))) -> 20.7 | F11: =IF(B11="","",INDEX(Resumo_NUTSIII!$E:$E,MATCH(B11,Resumo_NUTSIII!$A:$A,0))) -> 125 | G11: =IF(B11="","",INDEX(Resumo_NUTSIII!$F:$F,MATCH(B11,Resumo_NUTSIII!$A:$A,0))) -> 425 | H11: =IF(B11="","",INDEX(Resumo_NUTSIII!$G:$G,MATCH(B11,Resumo_NUTSIII!$A:$A,0))) -> 485 | I11: =IF(B11="","",INDEX(Resumo_NUTSIII!$H:$H,MATCH(B11,Resumo_NUTSIII!$A:$A,0))) -> 220 | J11: =IF(B11="","",INDEX(Resumo_NUTSIII!$I:$I,MATCH(B11,Resumo_NUTSIII!$A:$A,0))) -> 485 | K11: =IF(B11="","",INDEX(Resumo_NUTSIII!$J:$J,MATCH(B11,Resumo_NUTSIII!$A:$A,0))) -> 171 | L11: =IF(B11="","",INDEX(Resumo_NUTSIII!$K:$K,MATCH(B11,Resumo_NUTSIII!$A:$A,0))) -> 6.8
A12: Vieira do Minho | B12: Ave | C12: =IF(B12="","",INDEX(Resumo_NUTSIII!$B:$B,MATCH(B12,Resumo_NUTSIII!$A:$A,0))) -> 1653 | D12: =IF(B12="","",INDEX(Resumo_NUTSIII!$C:$C,MATCH(B12,Resumo_NUTSIII!$A:$A,0))) -> 7.8 | E12: =IF(B12="","",INDEX(Resumo_NUTSIII!$D:$D,MATCH(B12,Resumo_NUTSIII!$A:$A,0))) -> 20.8 | F12: =IF(B12="","",INDEX(Resumo_NUTSIII!$E:$E,MATCH(B12,Resumo_NUTSIII!$A:$A,0))) -> 125 | G12: =IF(B12="","",INDEX(Resumo_NUTSIII!$F:$F,MATCH(B12,Resumo_NUTSIII!$A:$A,0))) -> 425 | H12: =IF(B12="","",INDEX(Resumo_NUTSIII!$G:$G,MATCH(B12,Resumo_NUTSIII!$A:$A,0))) -> 490 | I12: =IF(B12="","",INDEX(Resumo_NUTSIII!$H:$H,MATCH(B12,Resumo_NUTSIII!$A:$A,0))) -> 220 | J12: =IF(B12="","",INDEX(Resumo_NUTSIII!$I:$I,MATCH(B12,Resumo_NUTSIII!$A:$A,0))) -> 490 | K12: =IF(B12="","",INDEX(Resumo_NUTSIII!$J:$J,MATCH(B12,Resumo_NUTSIII!$A:$A,0))) -> 426 | L12: =IF(B12="","",INDEX(Resumo_NUTSIII!$K:$K,MATCH(B12,Resumo_NUTSIII!$A:$A,0))) -> 7.2
A13: Vila Nova de Famalicão | B13: Ave | C13: =IF(B13="","",INDEX(Resumo_NUTSIII!$B:$B,MATCH(B13,Resumo_NUTSIII!$A:$A,0))) -> 1653 | D13: =IF(B13="","",INDEX(Resumo_NUTSIII!$C:$C,MATCH(B13,Resumo_NUTSIII!$A:$A,0))) -> 7.8 | E13: =IF(B13="","",INDEX(Resumo_NUTSIII!$D:$D,MATCH(B13,Resumo_NUTSIII!$A:$A,0))) -> 20.8 | F13: =IF(B13="","",INDEX(Resumo_NUTSIII!$E:$E,MATCH(B13,Resumo_NUTSIII!$A:$A,0))) -> 125 | G13: =IF(B13="","",INDEX(Resumo_NUTSIII!$F:$F,MATCH(B13,Resumo_NUTSIII!$A:$A,0))) -> 425 | H13: =IF(B13="","",INDEX(Resumo_NUTSIII!$G:$G,MATCH(B13,Resumo_NUTSIII!$A:$A,0))) -> 490 | I13: =IF(B13="","",INDEX(Resumo_NUTSIII!$H:$H,MATCH(B13,Resumo_NUTSIII!$A:$A,0))) -> 220 | J13: =IF(B13="","",INDEX(Resumo_NUTSIII!$I:$I,MATCH(B13,Resumo_NUTSIII!$A:$A,0))) -> 490 | K13: =IF(B13="","",INDEX(Resumo_NUTSIII!$J:$J,MATCH(B13,Resumo_NUTSIII!$A:$A,0))) -> 426 | L13: =IF(B13="","",INDEX(Resumo_NUTSIII!$K:$K,MATCH(B13,Resumo_NUTSIII!$A:$A,0))) -> 7.2
... A15: Vizela | B15: Ave | C15: =IF(B15="","",INDEX(Resumo_NUTSIII!$B:$B,MATCH(B15,Resumo_NUTSIII!$A:$A,0))) -> 1653 | D15: =IF(B15="","",INDEX(Resumo_NUTSIII!$C:$C,MATCH(B15,Resumo_NUTSIII!$A:$A,0))) -> 7.8 | E15: =IF(B15="","",INDEX(Resumo_NUTSIII!$D:$D,MATCH(B15,Resumo_NUTSIII!$A:$A,0))) -> 20.8 | F15: =IF(B15="","",INDEX(Resumo_NUTSIII!$E:$E,MATCH(B15,Resumo_NUTSIII!$A:$A,0))) -> 125 | G15: =IF(B15="","",INDEX(Resumo_NUTSIII!$F:$F,MATCH(B15,Resumo_NUTSIII!$A:$A,0))) -> 425 | H15: =IF(B15="","",INDEX(Resumo_NUTSIII!$G:$G,MATCH(B15,Resumo_NUTSIII!$A:$A,0))) -> 490 | I15: =IF(B15="","",INDEX(Resumo_NUTSIII!$H:$H,MATCH(B15,Resumo_NUTSIII!$A:$A,0))) -> 220 | J15: =IF(B15="","",INDEX(Resumo_NUTSIII!$I:$I,MATCH(B15,Resumo_NUTSIII!$A:$A,0))) -> 490 | K15: =IF(B15="","",INDEX(Resumo_NUTSIII!$J:$J,MATCH(B15,Resumo_NUTSIII!$A:$A,0))) -> 426 | L15: =IF(B15="","",INDEX(Resumo_NUTSIII!$K:$K,MATCH(B15,Resumo_NUTSIII!$A:$A,0))) -> 7.2
L16: =IF(B16="","",INDEX(Resumo_NUTSIII!$K:$K,MATCH(B16,Resumo_NUTSIII!$A:$A,0)))
L17: =IF(B17="","",INDEX(Resumo_NUTSIII!$K:$K,MATCH(B17,Resumo_NUTSIII!$A:$A,0)))
L18: =IF(B18="","",INDEX(Resumo_NUTSIII!$K:$K,MATCH(B18,Resumo_NUTSIII!$A:$A,0)))
L19: =IF(B19="","",INDEX(Resumo_NUTSIII!$K:$K,MATCH(B19,Resumo_NUTSIII!$A:$A,0)))
L20: =IF(B20="","",INDEX(Resumo_NUTSIII!$K:$K,MATCH(B20,Resumo_NUTSIII!$A:$A,0)))

Sheet Braganca
A1: Concelho | B1: NUTS III | C1: GD_REF | D1: theta_inv_REF | E1: theta_ver_REF | F1: G_inv_sul_kWhm2mes | G1: G_verao_S_kWhm2mes | H1: G_verao_O_kWhm2mes | I1: G_verao_N_kWhm2mes | J1: G_verao_E_kWhm2mes | K1: z_REF_m | L1: Mref
A2: Alfândega da Fé | B2: Alto Tras-os-Montes | C2: =IF(B2="","",INDEX(Resumo_NUTSIII!$B:$B,MATCH(B2,Resumo_NUTSIII!$A:$A,0))) -> 2015 | D2: =IF(B2="","",INDEX(Resumo_NUTSIII!$C:$C,MATCH(B2,Resumo_NUTSIII!$A:$A,0))) -> 5.5 | E2: =IF(B2="","",INDEX(Resumo_NUTSIII!$D:$D,MATCH(B2,Resumo_NUTSIII!$A:$A,0))) -> 21.5 | F2: =IF(B2="","",INDEX(Resumo_NUTSIII!$E:$E,MATCH(B2,Resumo_NUTSIII!$A:$A,0))) -> 125 | G2: =IF(B2="","",INDEX(Resumo_NUTSIII!$F:$F,MATCH(B2,Resumo_NUTSIII!$A:$A,0))) -> 425 | H2: =IF(B2="","",INDEX(Resumo_NUTSIII!$G:$G,MATCH(B2,Resumo_NUTSIII!$A:$A,0))) -> 480 | I2: =IF(B2="","",INDEX(Resumo_NUTSIII!$H:$H,MATCH(B2,Resumo_NUTSIII!$A:$A,0))) -> 220 | J2: =IF(B2="","",INDEX(Resumo_NUTSIII!$I:$I,MATCH(B2,Resumo_NUTSIII!$A:$A,0))) -> 480 | K2: =IF(B2="","",INDEX(Resumo_NUTSIII!$J:$J,MATCH(B2,Resumo_NUTSIII!$A:$A,0))) -> 680 | L2: =IF(B2="","",INDEX(Resumo_NUTSIII!$K:$K,MATCH(B2,Resumo_NUTSIII!$A:$A,0))) -> 7.3
A3: Bragança | B3: Alto Tras-os-Montes | C3: =IF(B3="","",INDEX(Resumo_NUTSIII!$B:$B,MATCH(B3,Resumo_NUTSIII!$A:$A,0))) -> 2015 | D3: 5.5 | E3: =IF(B3="","",INDEX(Resumo_NUTSIII!$D:$D,MATCH(B3,Resumo_NUTSIII!$A:$A,0))) -> 21.5 | F3: =IF(B3="","",INDEX(Resumo_NUTSIII!$E:$E,MATCH(B3,Resumo_NUTSIII!$A:$A,0))) -> 125 | G3: =IF(B3="","",INDEX(Resumo_NUTSIII!$F:$F,MATCH(B3,Resumo_NUTSIII!$A:$A,0))) -> 425 | H3: =IF(B3="","",INDEX(Resumo_NUTSIII!$G:$G,MATCH(B3,Resumo_NUTSIII!$A:$A,0))) -> 480 | I3: =IF(B3="","",INDEX(Resumo_NUTSIII!$H:$H,MATCH(B3,Resumo_NUTSIII!$A:$A,0))) -> 220 | J3: =IF(B3="","",INDEX(Resumo_NUTSIII!$I:$I,MATCH(B3,Resumo_NUTSIII!$A:$A,0))) -> 480 | K3: =IF(B3="","",INDEX(Resumo_NUTSIII!$J:$J,MATCH(B3,Resumo_NUTSIII!$A:$A,0))) -> 680 | L3: =IF(B3="","",INDEX(Resumo_NUTSIII!$K:$K,MATCH(B3,Resumo_NUTSIII!$A:$A,0))) -> 7.3
A4: Carrazeda de Ansiães | B4: Douro | C4: =IF(B4="","",INDEX(Resumo_NUTSIII!$B:$B,MATCH(B4,Resumo_NUTSIII!$A:$A,0))) -> 1764 | D4: 6.3 | E4: =IF(B4="","",INDEX(Resumo_NUTSIII!$D:$D,MATCH(B4,Resumo_NUTSIII!$A:$A,0))) -> 22.7 | F4: =IF(B4="","",INDEX(Resumo_NUTSIII!$E:$E,MATCH(B4,Resumo_NUTSIII!$A:$A,0))) -> 135 | G4: =IF(B4="","",INDEX(Resumo_NUTSIII!$F:$F,MATCH(B4,Resumo_NUTSIII!$A:$A,0))) -> 420 | H4: =IF(B4="","",INDEX(Resumo_NUTSIII!$G:$G,MATCH(B4,Resumo_NUTSIII!$A:$A,0))) -> 490 | I4: =IF(B4="","",INDEX(Resumo_NUTSIII!$H:$H,MATCH(B4,Resumo_NUTSIII!$A:$A,0))) -> 220 | J4: =IF(B4="","",INDEX(Resumo_NUTSIII!$I:$I,MATCH(B4,Resumo_NUTSIII!$A:$A,0))) -> 490 | K4: =IF(B4="","",INDEX(Resumo_NUTSIII!$J:$J,MATCH(B4,Resumo_NUTSIII!$A:$A,0))) -> 579 | L4: =IF(B4="","",INDEX(Resumo_NUTSIII!$K:$K,MATCH(B4,Resumo_NUTSIII!$A:$A,0))) -> 6.9
A5: Freixo de Espada à Cinta | B5: Douro | C5: =IF(B5="","",INDEX(Resumo_NUTSIII!$B:$B,MATCH(B5,Resumo_NUTSIII!$A:$A,0))) -> 1764 | D5: 6.3 | E5: =IF(B5="","",INDEX(Resumo_NUTSIII!$D:$D,MATCH(B5,Resumo_NUTSIII!$A:$A,0))) -> 22.7 | F5: =IF(B5="","",INDEX(Resumo_NUTSIII!$E:$E,MATCH(B5,Resumo_NUTSIII!$A:$A,0))) -> 135 | G5: =IF(B5="","",INDEX(Resumo_NUTSIII!$F:$F,MATCH(B5,Resumo_NUTSIII!$A:$A,0))) -> 420 | H5: =IF(B5="","",INDEX(Resumo_NUTSIII!$G:$G,MATCH(B5,Resumo_NUTSIII!$A:$A,0))) -> 490 | I5: =IF(B5="","",INDEX(Resumo_NUTSIII!$H:$H,MATCH(B5,Resumo_NUTSIII!$A:$A,0))) -> 220 | J5: =IF(B5="","",INDEX(Resumo_NUTSIII!$I:$I,MATCH(B5,Resumo_NUTSIII!$A:$A,0))) -> 490 | K5: =IF(B5="","",INDEX(Resumo_NUTSIII!$J:$J,MATCH(B5,Resumo_NUTSIII!$A:$A,0))) -> 579 | L5: =IF(B5="","",INDEX(Resumo_NUTSIII!$K:$K,MATCH(B5,Resumo_NUTSIII!$A:$A,0))) -> 6.9
A6: Macedo de Cavaleiros | B6: Alto Tras-os-Montes | C6: =IF(B6="","",INDEX(Resumo_NUTSIII!$B:$B,MATCH(B6,Resumo_NUTSIII!$A:$A,0))) -> 2015 | D6: 5.5 | E6: =IF(B6="","",INDEX(Resumo_NUTSIII!$D:$D,MATCH(B6,Resumo_NUTSIII!$A:$A,0))) -> 21.5 | F6: =IF(B6="","",INDEX(Resumo_NUTSIII!$E:$E,MATCH(B6,Resumo_NUTSIII!$A:$A,0))) -> 125 | G6: =IF(B6="","",INDEX(Resumo_NUTSIII!$F:$F,MATCH(B6,Resumo_NUTSIII!$A:$A,0))) -> 425 | H6: =IF(B6="","",INDEX(Resumo_NUTSIII!$G:$G,MATCH(B6,Resumo_NUTSIII!$A:$A,0))) -> 480 | I6: =IF(B6="","",INDEX(Resumo_NUTSIII!$H:$H,MATCH(B6,Resumo_NUTSIII!$A:$A,0))) -> 220 | J6: =IF(B6="","",INDEX(Resumo_NUTSIII!$I:$I,MATCH(B6,Resumo_NUTSIII!$A:$A,0))) -> 480 | K6: =IF(B6="","",INDEX(Resumo_NUTSIII!$J:$J,MATCH(B6,Resumo_NUTSIII!$A:$A,0))) -> 680 | L6: =IF(B6="","",INDEX(Resumo_NUTSIII!$K:$K,MATCH(B6,Resumo_NUTSIII!$A:$A,0))) -> 7.3
A7: Miranda do Douro | B7: Alto Tras-os-Montes | C7: =IF(B7="","",INDEX(Resumo_NUTSIII!$B:$B,MATCH(B7,Resumo_NUTSIII!$A:$A,0))) -> 2015 | D7: 5.5 | E7: =IF(B7="","",INDEX(Resumo_NUTSIII!$D:$D,MATCH(B7,Resumo_NUTSIII!$A:$A,0))) -> 21.5 | F7: =IF(B7="","",INDEX(Resumo_NUTSIII!$E:$E,MATCH(B7,Resumo_NUTSIII!$A:$A,0))) -> 125 | G7: =IF(B7="","",INDEX(Resumo_NUTSIII!$F:$F,MATCH(B7,Resumo_NUTSIII!$A:$A,0))) -> 425 | H7: =IF(B7="","",INDEX(Resumo_NUTSIII!$G:$G,MATCH(B7,Resumo_NUTSIII!$A:$A,0))) -> 480 | I7: =IF(B7="","",INDEX(Resumo_NUTSIII!$H:$H,MATCH(B7,Resumo_NUTSIII!$A:$A,0))) -> 220 | J7: =IF(B7="","",INDEX(Resumo_NUTSIII!$I:$I,MATCH(B7,Resumo_NUTSIII!$A:$A,0))) -> 480 | K7: =IF(B7="","",INDEX(Resumo_NUTSIII!$J:$J,MATCH(B7,Resumo_NUTSIII!$A:$A,0))) -> 680 | L7: =IF(B7="","",INDEX(Resumo_NUTSIII!$K:$K,MATCH(B7,Resumo_NUTSIII!$A:$A,0))) -> 7.3
A8: Mirandela | B8: Alto Tras-os-Montes | C8: =IF(B8="","",INDEX(Resumo_NUTSIII!$B:$B,MATCH(B8,Resumo_NUTSIII!$A:$A,0))) -> 2015 | D8: 5.5 | E8: =IF(B8="","",INDEX(Resumo_NUTSIII!$D:$D,MATCH(B8,Resumo_NUTSIII!$A:$A,0))) -> 21.5 | F8: =IF(B8="","",INDEX(Resumo_NUTSIII!$E:$E,MATCH(B8,Resumo_NUTSIII!$A:$A,0))) -> 125 | G8: =IF(B8="","",INDEX(Resumo_NUTSIII!$F:$F,MATCH(B8,Resumo_NUTSIII!$A:$A,0))) -> 425 | H8: =IF(B8="","",INDEX(Resumo_NUTSIII!$G:$G,MATCH(B8,Resumo_NUTSIII!$A:$A,0))) -> 480 | I8: =IF(B8="","",INDEX(Resumo_NUTSIII!$H:$H,MATCH(B8,Resumo_NUTSIII!$A:$A,0))) -> 220 | J8: =IF(B8="","",INDEX(Resumo_NUTSIII!$I:$I,MATCH(B8,Resumo_NUTSIII!$A:$A,0))) -> 480 | K8: =IF(B8="","",INDEX(Resumo_NUTSIII!$J:$J,MATCH(B8,Resumo_NUTSIII!$A:$A,0))) -> 680 | L8: =IF(B8="","",INDEX(Resumo_NUTSIII!$K:$K,MATCH(B8,Resumo_NUTSIII!$A:$A,0))) -> 7.3
A9: Mogadouro | B9: Alto Tras-os-Montes | C9: =IF(B9="","",INDEX(Resumo_NUTSIII!$B:$B,MATCH(B9,Resumo_NUTSIII!$A:$A,0))) -> 2015 | D9: 5.5 | E9: =IF(B9="","",INDEX(Resumo_NUTSIII!$D:$D,MATCH(B9,Resumo_NUTSIII!$A:$A,0))) -> 21.5 | F9: =IF(B9="","",INDEX(Resumo_NUTSIII!$E:$E,MATCH(B9,Resumo_NUTSIII!$A:$A,0))) -> 125 | G9: =IF(B9="","",INDEX(Resumo_NUTSIII!$F:$F,MATCH(B9,Resumo_NUTSIII!$A:$A,0))) -> 425 | H9: =IF(B9="","",INDEX(Resumo_NUTSIII!$G:$G,MATCH(B9,Resumo_NUTSIII!$A:$A,0))) -> 480 | I9: =IF(B9="","",INDEX(Resumo_NUTSIII!$H:$H,MATCH(B9,Resumo_NUTSIII!$A:$A,0))) -> 220 | J9: =IF(B9="","",INDEX(Resumo_NUTSIII!$I:$I,MATCH(B9,Resumo_NUTSIII!$A:$A,0))) -> 480 | K9: =IF(B9="","",INDEX(Resumo_NUTSIII!$J:$J,MATCH(B9,Resumo_NUTSIII!$A:$A,0))) -> 680 | L9: =IF(B9="","",INDEX(Resumo_NUTSIII!$K:$K,MATCH(B9,Resumo_NUTSIII!$A:$A,0))) -> 7.3
A10: Torre de Moncorvo | B10: Douro | C10: =IF(B10="","",INDEX(Resumo_NUTSIII!$B:$B,MATCH(B10,Resumo_NUTSIII!$A:$A,0))) -> 1764 | D10: 6.3 | E10: =IF(B10="","",INDEX(Resumo_NUTSIII!$D:$D,MATCH(B10,Resumo_NUTSIII!$A:$A,0))) -> 22.7 | F10: =IF(B10="","",INDEX(Resumo_NUTSIII!$E:$E,MATCH(B10,Resumo_NUTSIII!$A:$A,0))) -> 135 | G10: =IF(B10="","",INDEX(Resumo_NUTSIII!$F:$F,MATCH(B10,Resumo_NUTSIII!$A:$A,0))) -> 420 | H10: =IF(B10="","",INDEX(Resumo_NUTSIII!$G:$G,MATCH(B10,Resumo_NUTSIII!$A:$A,0))) -> 490 | I10: =IF(B10="","",INDEX(Resumo_NUTSIII!$H:$H,MATCH(B10,Resumo_NUTSIII!$A:$A,0))) -> 220 | J10: =IF(B10="","",INDEX(Resumo_NUTSIII!$I:$I,MATCH(B10,Resumo_NUTSIII!$A:$A,0))) -> 490 | K10: =IF(B10="","",INDEX(Resumo_NUTSIII!$J:$J,MATCH(B10,Resumo_NUTSIII!$A:$A,0))) -> 579 | L10: =IF(B10="","",INDEX(Resumo_NUTSIII!$K:$K,MATCH(B10,Resumo_NUTSIII!$A:$A,0))) -> 6.9
A11: Vila Flor | B11: Alto Tras-os-Montes | C11: =IF(B11="","",INDEX(Resumo_NUTSIII!$B:$B,MATCH(B11,Resumo_NUTSIII!$A:$A,0))) -> 2015 | D11: 5.5 | E11: =IF(B11="","",INDEX(Resumo_NUTSIII!$D:$D,MATCH(B11,Resumo_NUTSIII!$A:$A,0))) -> 21.5 | F11: =IF(B11="","",INDEX(Resumo_NUTSIII!$E:$E,MATCH(B11,Resumo_NUTSIII!$A:$A,0))) -> 125 | G11: =IF(B11="","",INDEX(Resumo_NUTSIII!$F:$F,MATCH(B11,Resumo_NUTSIII!$A:$A,0))) -> 425 | H11: =IF(B11="","",INDEX(Resumo_NUTSIII!$G:$G,MATCH(B11,Resumo_NUTSIII!$A:$A,0))) -> 480 | I11: =IF(B11="","",INDEX(Resumo_NUTSIII!$H:$H,MATCH(B11,Resumo_NUTSIII!$A:$A,0))) -> 220 | J11: =IF(B11="","",INDEX(Resumo_NUTSIII!$I:$I,MATCH(B11,Resumo_NUTSIII!$A:$A,0))) -> 480 | K11: =IF(B11="","",INDEX(Resumo_NUTSIII!$J:$J,MATCH(B11,Resumo_NUTSIII!$A:$A,0))) -> 680 | L11: =IF(B11="","",INDEX(Resumo_NUTSIII!$K:$K,MATCH(B11,Resumo_NUTSIII!$A:$A,0))) -> 7.3
A12: Vila Nova de Foz Côa | B12: Douro | C12: =IF(B12="","",INDEX(Resumo_NUTSIII!$B:$B,MATCH(B12,Resumo_NUTSIII!$A:$A,0))) -> 1764 | D12: 6.3 | E12: =IF(B12="","",INDEX(Resumo_NUTSIII!$D:$D,MATCH(B12,Resumo_NUTSIII!$A:$A,0))) -> 22.7 | F12: =IF(B12="","",INDEX(Resumo_NUTSIII!$E:$E,MATCH(B12,Resumo_NUTSIII!$A:$A,0))) -> 135 | G12: =IF(B12="","",INDEX(Resumo_NUTSIII!$F:$F,MATCH(B12,Resumo_NUTSIII!$A:$A,0))) -> 420 | H12: =IF(B12="","",INDEX(Resumo_NUTSIII!$G:$G,MATCH(B12,Resumo_NUTSIII!$A:$A,0))) -> 490 | I12: =IF(B12="","",INDEX(Resumo_NUTSIII!$H:$H,MATCH(B12,Resumo_NUTSIII!$A:$A,0))) -> 220 | J12: =IF(B12="","",INDEX(Resumo_NUTSIII!$I:$I,MATCH(B12,Resumo_NUTSIII!$A:$A,0))) -> 490 | K12: =IF(B12="","",INDEX(Resumo_NUTSIII!$J:$J,MATCH(B12,Resumo_NUTSIII!$A:$A,0))) -> 579 | L12: =IF(B12="","",INDEX(Resumo_NUTSIII!$K:$K,MATCH(B12,Resumo_NUTSIII!$A:$A,0))) -> 6.9
A13: Vimioso | B13: Alto Tras-os-Montes | C13: =IF(B13="","",INDEX(Resumo_NUTSIII!$B:$B,MATCH(B13,Resumo_NUTSIII!$A:$A,0))) -> 2015 | D13: 5.5 | E13: =IF(B13="","",INDEX(Resumo_NUTSIII!$D:$D,MATCH(B13,Resumo_NUTSIII!$A:$A,0))) -> 21.5 | F13: =IF(B13="","",INDEX(Resumo_NUTSIII!$E:$E,MATCH(B13,Resumo_NUTSIII!$A:$A,0))) -> 125 | G13: =IF(B13="","",INDEX(Resumo_NUTSIII!$F:$F,MATCH(B13,Resumo_NUTSIII!$A:$A,0))) -> 425 | H13: =IF(B13="","",INDEX(Resumo_NUTSIII!$G:$G,MATCH(B13,Resumo_NUTSIII!$A:$A,0))) -> 480 | I13: =IF(B13="","",INDEX(Resumo_NUTSIII!$H:$H,MATCH(B13,Resumo_NUTSIII!$A:$A,0))) -> 220 | J13: =IF(B13="","",INDEX(Resumo_NUTSIII!$I:$I,MATCH(B13,Resumo_NUTSIII!$A:$A,0))) -> 480 | K13: =IF(B13="","",INDEX(Resumo_NUTSIII!$J:$J,MATCH(B13,Resumo_NUTSIII!$A:$A,0))) -> 680 | L13: =IF(B13="","",INDEX(Resumo_NUTSIII!$K:$K,MATCH(B13,Resumo_NUTSIII!$A:$A,0))) -> 7.3
A14: Vinhais | B14: Alto Tras-os-Montes | C14: =IF(B14="","",INDEX(Resumo_NUTSIII!$B:$B,MATCH(B14,Resumo_NUTSIII!$A:$A,0))) -> 2015 | D14: 5.5 | E14: =IF(B14="","",INDEX(Resumo_NUTSIII!$D:$D,MATCH(B14,Resumo_NUTSIII!$A:$A,0))) -> 21.5 | F14: =IF(B14="","",INDEX(Resumo_NUTSIII!$E:$E,MATCH(B14,Resumo_NUTSIII!$A:$A,0))) -> 125 | G14: =IF(B14="","",INDEX(Resumo_NUTSIII!$F:$F,MATCH(B14,Resumo_NUTSIII!$A:$A,0))) -> 425 | H14: =IF(B14="","",INDEX(Resumo_NUTSIII!$G:$G,MATCH(B14,Resumo_NUTSIII!$A:$A,0))) -> 480 | I14: =IF(B14="","",INDEX(Resumo_NUTSIII!$H:$H,MATCH(B14,Resumo_NUTSIII!$A:$A,0))) -> 220 | J14: =IF(B14="","",INDEX(Resumo_NUTSIII!$I:$I,MATCH(B14,Resumo_NUTSIII!$A:$A,0))) -> 480 | K14: =IF(B14="","",INDEX(Resumo_NUTSIII!$J:$J,MATCH(B14,Resumo_NUTSIII!$A:$A,0))) -> 680 | L14: =IF(B14="","",INDEX(Resumo_NUTSIII!$K:$K,MATCH(B14,Resumo_NUTSIII!$A:$A,0))) -> 7.3
L15: =IF(B15="","",INDEX(Resumo_NUTSIII!$K:$K,MATCH(B15,Resumo_NUTSIII!$A:$A,0)))
L16: =IF(B16="","",INDEX(Resumo_NUTSIII!$K:$K,MATCH(B16,Resumo_NUTSIII!$A:$A,0)))
L17: =IF(B17="","",INDEX(Resumo_NUTSIII!$K:$K,MATCH(B17,Resumo_NUTSIII!$A:$A,0)))
L18: =IF(B18="","",INDEX(Resumo_NUTSIII!$K:$K,MATCH(B18,Resumo_NUTSIII!$A:$A,0)))
L19: =IF(B19="","",INDEX(Resumo_NUTSIII!$K:$K,MATCH(B19,Resumo_NUTSIII!$A:$A,0)))
L20: =IF(B20="","",INDEX(Resumo_NUTSIII!$K:$K,MATCH(B20,Resumo_NUTSIII!$A:$A,0)))

Sheet Castelo Branco
A1: Concelho | B1: NUTS III | C1: GD_REF | D1: theta_inv_REF | E1: theta_ver_REF | F1: G_inv_sul_kWhm2mes | G1: G_verao_S_kWhm2mes | H1: G_verao_O_kWhm2mes | I1: G_verao_N_kWhm2mes | J1: G_verao_E_kWhm2mes | K1: z_REF_m | L1: Mref
A2: Belmonte | B2: Cova da Beira | C2: =IF(B2="","",INDEX(Resumo_NUTSIII!$B:$B,MATCH(B2,Resumo_NUTSIII!$A:$A,0))) -> 1687 | D2: =IF(B2="","",INDEX(Resumo_NUTSIII!$C:$C,MATCH(B2,Resumo_NUTSIII!$A:$A,0))) -> 7.5 | E2: =IF(B2="","",INDEX(Resumo_NUTSIII!$D:$D,MATCH(B2,Resumo_NUTSIII!$A:$A,0))) -> 22.5 | F2: =IF(B2="","",INDEX(Resumo_NUTSIII!$E:$E,MATCH(B2,Resumo_NUTSIII!$A:$A,0))) -> 140 | G2: =IF(B2="","",INDEX(Resumo_NUTSIII!$F:$F,MATCH(B2,Resumo_NUTSIII!$A:$A,0))) -> 425 | H2: =IF(B2="","",INDEX(Resumo_NUTSIII!$G:$G,MATCH(B2,Resumo_NUTSIII!$A:$A,0))) -> 495 | I2: =IF(B2="","",INDEX(Resumo_NUTSIII!$H:$H,MATCH(B2,Resumo_NUTSIII!$A:$A,0))) -> 225 | J2: =IF(B2="","",INDEX(Resumo_NUTSIII!$I:$I,MATCH(B2,Resumo_NUTSIII!$A:$A,0))) -> 495 | K2: =IF(B2="","",INDEX(Resumo_NUTSIII!$J:$J,MATCH(B2,Resumo_NUTSIII!$A:$A,0))) -> 507 | L2: =IF(B2="","",INDEX(Resumo_NUTSIII!$K:$K,MATCH(B2,Resumo_NUTSIII!$A:$A,0))) -> 7.1
A3: Castelo Branco | B3: Beira Interior Sul | C3: =IF(B3="","",INDEX(Resumo_NUTSIII!$B:$B,MATCH(B3,Resumo_NUTSIII!$A:$A,0))) -> 1274 | D3: =IF(B3="","",INDEX(Resumo_NUTSIII!$C:$C,MATCH(B3,Resumo_NUTSIII!$A:$A,0))) -> 9.1 | E3: =IF(B3="","",INDEX(Resumo_NUTSIII!$D:$D,MATCH(B3,Resumo_NUTSIII!$A:$A,0))) -> 25.3 | F3: =IF(B3="","",INDEX(Resumo_NUTSIII!$E:$E,MATCH(B3,Resumo_NUTSIII!$A:$A,0))) -> 140 | G3: =IF(B3="","",INDEX(Resumo_NUTSIII!$F:$F,MATCH(B3,Resumo_NUTSIII!$A:$A,0))) -> 420 | H3: =IF(B3="","",INDEX(Resumo_NUTSIII!$G:$G,MATCH(B3,Resumo_NUTSIII!$A:$A,0))) -> 500 | I3: =IF(B3="","",INDEX(Resumo_NUTSIII!$H:$H,MATCH(B3,Resumo_NUTSIII!$A:$A,0))) -> 220 | J3: =IF(B3="","",INDEX(Resumo_NUTSIII!$I:$I,MATCH(B3,Resumo_NUTSIII!$A:$A,0))) -> 500 | K3: =IF(B3="","",INDEX(Resumo_NUTSIII!$J:$J,MATCH(B3,Resumo_NUTSIII!$A:$A,0))) -> 328 | L3: =IF(B3="","",INDEX(Resumo_NUTSIII!$K:$K,MATCH(B3,Resumo_NUTSIII!$A:$A,0))) -> 5.4
A4: Covilhã | B4: Cova da Beira | C4: =IF(B4="","",INDEX(Resumo_NUTSIII!$B:$B,MATCH(B4,Resumo_NUTSIII!$A:$A,0))) -> 1687 | D4: =IF(B4="","",INDEX(Resumo_NUTSIII!$C:$C,MATCH(B4,Resumo_NUTSIII!$A:$A,0))) -> 7.5 | E4: =IF(B4="","",INDEX(Resumo_NUTSIII!$D:$D,MATCH(B4,Resumo_NUTSIII!$A:$A,0))) -> 22.5 | F4: =IF(B4="","",INDEX(Resumo_NUTSIII!$E:$E,MATCH(B4,Resumo_NUTSIII!$A:$A,0))) -> 140 | G4: =IF(B4="","",INDEX(Resumo_NUTSIII!$F:$F,MATCH(B4,Resumo_NUTSIII!$A:$A,0))) -> 425 | H4: =IF(B4="","",INDEX(Resumo_NUTSIII!$G:$G,MATCH(B4,Resumo_NUTSIII!$A:$A,0))) -> 495 | I4: =IF(B4="","",INDEX(Resumo_NUTSIII!$H:$H,MATCH(B4,Resumo_NUTSIII!$A:$A,0))) -> 225 | J4: =IF(B4="","",INDEX(Resumo_NUTSIII!$I:$I,MATCH(B4,Resumo_NUTSIII!$A:$A,0))) -> 495 | K4: =IF(B4="","",INDEX(Resumo_NUTSIII!$J:$J,MATCH(B4,Resumo_NUTSIII!$A:$A,0))) -> 507 | L4: =IF(B4="","",INDEX(Resumo_NUTSIII!$K:$K,MATCH(B4,Resumo_NUTSIII!$A:$A,0))) -> 7.1
A5: Fundão | B5: Cova da Beira | C5: =IF(B5="","",INDEX(Resumo_NUTSIII!$B:$B,MATCH(B5,Resumo_NUTSIII!$A:$A,0))) -> 1687 | D5: =IF(B5="","",INDEX(Resumo_NUTSIII!$C:$C,MATCH(B5,Resumo_NUTSIII!$A:$A,0))) -> 7.5 | E5: =IF(B5="","",INDEX(Resumo_NUTSIII!$D:$D,MATCH(B5,Resumo_NUTSIII!$A:$A,0))) -> 22.5 | F5: =IF(B5="","",INDEX(Resumo_NUTSIII!$E:$E,MATCH(B5,Resumo_NUTSIII!$A:$A,0))) -> 140 | G5: =IF(B5="","",INDEX(Resumo_NUTSIII!$F:$F,MATCH(B5,Resumo_NUTSIII!$A:$A,0))) -> 425 | H5: =IF(B5="","",INDEX(Resumo_NUTSIII!$G:$G,MATCH(B5,Resumo_NUTSIII!$A:$A,0))) -> 495 | I5: =IF(B5="","",INDEX(Resumo_NUTSIII!$H:$H,MATCH(B5,Resumo_NUTSIII!$A:$A,0))) -> 225 | J5: =IF(B5="","",INDEX(Resumo_NUTSIII!$I:$I,MATCH(B5,Resumo_NUTSIII!$A:$A,0))) -> 495 | K5: =IF(B5="","",INDEX(Resumo_NUTSIII!$J:$J,MATCH(B5,Resumo_NUTSIII!$A:$A,0))) -> 507 | L5: =IF(B5="","",INDEX(Resumo_NUTSIII!$K:$K,MATCH(B5,Resumo_NUTSIII!$A:$A,0))) -> 7.1
A6: Idanha-a-Nova | B6: Beira Interior Sul | C6: =IF(B6="","",INDEX(Resumo_NUTSIII!$B:$B,MATCH(B6,Resumo_NUTSIII!$A:$A,0))) -> 1274 | D6: =IF(B6="","",INDEX(Resumo_NUTSIII!$C:$C,MATCH(B6,Resumo_NUTSIII!$A:$A,0))) -> 9.1 | E6: =IF(B6="","",INDEX(Resumo_NUTSIII!$D:$D,MATCH(B6,Resumo_NUTSIII!$A:$A,0))) -> 25.3 | F6: =IF(B6="","",INDEX(Resumo_NUTSIII!$E:$E,MATCH(B6,Resumo_NUTSIII!$A:$A,0))) -> 140 | G6: =IF(B6="","",INDEX(Resumo_NUTSIII!$F:$F,MATCH(B6,Resumo_NUTSIII!$A:$A,0))) -> 420 | H6: =IF(B6="","",INDEX(Resumo_NUTSIII!$G:$G,MATCH(B6,Resumo_NUTSIII!$A:$A,0))) -> 500 | I6: =IF(B6="","",INDEX(Resumo_NUTSIII!$H:$H,MATCH(B6,Resumo_NUTSIII!$A:$A,0))) -> 220 | J6: =IF(B6="","",INDEX(Resumo_NUTSIII!$I:$I,MATCH(B6,Resumo_NUTSIII!$A:$A,0))) -> 500 | K6: =IF(B6="","",INDEX(Resumo_NUTSIII!$J:$J,MATCH(B6,Resumo_NUTSIII!$A:$A,0))) -> 328 | L6: =IF(B6="","",INDEX(Resumo_NUTSIII!$K:$K,MATCH(B6,Resumo_NUTSIII!$A:$A,0))) -> 5.4
A7: Oleiros | B7: Pinhal Interior Sul | C7: =IF(B7="","",INDEX(Resumo_NUTSIII!$B:$B,MATCH(B7,Resumo_NUTSIII!$A:$A,0))) -> 1511 | D7: =IF(B7="","",INDEX(Resumo_NUTSIII!$C:$C,MATCH(B7,Resumo_NUTSIII!$A:$A,0))) -> 8.4 | E7: =IF(B7="","",INDEX(Resumo_NUTSIII!$D:$D,MATCH(B7,Resumo_NUTSIII!$A:$A,0))) -> 22.4 | F7: =IF(B7="","",INDEX(Resumo_NUTSIII!$E:$E,MATCH(B7,Resumo_NUTSIII!$A:$A,0))) -> 145 | G7: =IF(B7="","",INDEX(Resumo_NUTSIII!$F:$F,MATCH(B7,Resumo_NUTSIII!$A:$A,0))) -> 420 | H7: =IF(B7="","",INDEX(Resumo_NUTSIII!$G:$G,MATCH(B7,Resumo_NUTSIII!$A:$A,0))) -> 500 | I7: =IF(B7="","",INDEX(Resumo_NUTSIII!$H:$H,MATCH(B7,Resumo_NUTSIII!$A:$A,0))) -> 225 | J7: =IF(B7="","",INDEX(Resumo_NUTSIII!$I:$I,MATCH(B7,Resumo_NUTSIII!$A:$A,0))) -> 500 | K7: =IF(B7="","",INDEX(Resumo_NUTSIII!$J:$J,MATCH(B7,Resumo_NUTSIII!$A:$A,0))) -> 361 | L7: =IF(B7="","",INDEX(Resumo_NUTSIII!$K:$K,MATCH(B7,Resumo_NUTSIII!$A:$A,0))) -> 6.7
A8: Penamacor | B8: Cova da Beira | C8: =IF(B8="","",INDEX(Resumo_NUTSIII!$B:$B,MATCH(B8,Resumo_NUTSIII!$A:$A,0))) -> 1687 | D8: =IF(B8="","",INDEX(Resumo_NUTSIII!$C:$C,MATCH(B8,Resumo_NUTSIII!$A:$A,0))) -> 7.5 | E8: =IF(B8="","",INDEX(Resumo_NUTSIII!$D:$D,MATCH(B8,Resumo_NUTSIII!$A:$A,0))) -> 22.5 | F8: =IF(B8="","",INDEX(Resumo_NUTSIII!$E:$E,MATCH(B8,Resumo_NUTSIII!$A:$A,0))) -> 140 | G8: =IF(B8="","",INDEX(Resumo_NUTSIII!$F:$F,MATCH(B8,Resumo_NUTSIII!$A:$A,0))) -> 425 | H8: =IF(B8="","",INDEX(Resumo_NUTSIII!$G:$G,MATCH(B8,Resumo_NUTSIII!$A:$A,0))) -> 495 | I8: =IF(B8="","",INDEX(Resumo_NUTSIII!$H:$H,MATCH(B8,Resumo_NUTSIII!$A:$A,0))) -> 225 | J8: =IF(B8="","",INDEX(Resumo_NUTSIII!$I:$I,MATCH(B8,Resumo_NUTSIII!$A:$A,0))) -> 495 | K8: =IF(B8="","",INDEX(Resumo_NUTSIII!$J:$J,MATCH(B8,Resumo_NUTSIII!$A:$A,0))) -> 507 | L8: =IF(B8="","",INDEX(Resumo_NUTSIII!$K:$K,MATCH(B8,Resumo_NUTSIII!$A:$A,0))) -> 7.1
A9: Proença-a-Nova | B9: Pinhal Interior Sul | C9: =IF(B9="","",INDEX(Resumo_NUTSIII!$B:$B,MATCH(B9,Resumo_NUTSIII!$A:$A,0))) -> 1511 | D9: =IF(B9="","",INDEX(Resumo_NUTSIII!$C:$C,MATCH(B9,Resumo_NUTSIII!$A:$A,0))) -> 8.4 | E9: =IF(B9="","",INDEX(Resumo_NUTSIII!$D:$D,MATCH(B9,Resumo_NUTSIII!$A:$A,0))) -> 22.4 | F9: =IF(B9="","",INDEX(Resumo_NUTSIII!$E:$E,MATCH(B9,Resumo_NUTSIII!$A:$A,0))) -> 145 | G9: =IF(B9="","",INDEX(Resumo_NUTSIII!$F:$F,MATCH(B9,Resumo_NUTSIII!$A:$A,0))) -> 420 | H9: =IF(B9="","",INDEX(Resumo_NUTSIII!$G:$G,MATCH(B9,Resumo_NUTSIII!$A:$A,0))) -> 500 | I9: =IF(B9="","",INDEX(Resumo_NUTSIII!$H:$H,MATCH(B9,Resumo_NUTSIII!$A:$A,0))) -> 225 | J9: =IF(B9="","",INDEX(Resumo_NUTSIII!$I:$I,MATCH(B9,Resumo_NUTSIII!$A:$A,0))) -> 500 | K9: =IF(B9="","",INDEX(Resumo_NUTSIII!$J:$J,MATCH(B9,Resumo_NUTSIII!$A:$A,0))) -> 361 | L9: =IF(B9="","",INDEX(Resumo_NUTSIII!$K:$K,MATCH(B9,Resumo_NUTSIII!$A:$A,0))) -> 6.7
A10: Sertã | B10: Pinhal Interior Norte | C10: =IF(B10="","",INDEX(Resumo_NUTSIII!$B:$B,MATCH(B10,Resumo_NUTSIII!$A:$A,0))) -> 1555 | D10: =IF(B10="","",INDEX(Resumo_NUTSIII!$C:$C,MATCH(B10,Resumo_NUTSIII!$A:$A,0))) -> 8.3 | E10: =IF(B10="","",INDEX(Resumo_NUTSIII!$D:$D,MATCH(B10,Resumo_NUTSIII!$A:$A,0))) -> 21.2 | F10: =IF(B10="","",INDEX(Resumo_NUTSIII!$E:$E,MATCH(B10,Resumo_NUTSIII!$A:$A,0))) -> 140 | G10: =IF(B10="","",INDEX(Resumo_NUTSIII!$F:$F,MATCH(B10,Resumo_NUTSIII!$A:$A,0))) -> 420 | H10: =IF(B10="","",INDEX(Resumo_NUTSIII!$G:$G,MATCH(B10,Resumo_NUTSIII!$A:$A,0))) -> 500 | I10: =IF(B10="","",INDEX(Resumo_NUTSIII!$H:$H,MATCH(B10,Resumo_NUTSIII!$A:$A,0))) -> 220 | J10: =IF(B10="","",INDEX(Resumo_NUTSIII!$I:$I,MATCH(B10,Resumo_NUTSIII!$A:$A,0))) -> 500 | K10: =IF(B10="","",INDEX(Resumo_NUTSIII!$J:$J,MATCH(B10,Resumo_NUTSIII!$A:$A,0))) -> 361 | L10: =IF(B10="","",INDEX(Resumo_NUTSIII!$K:$K,MATCH(B10,Resumo_NUTSIII!$A:$A,0))) -> 6.8
A11: Vila de Rei | B11: Pinhal Interior Sul | C11: =IF(B11="","",INDEX(Resumo_NUTSIII!$B:$B,MATCH(B11,Resumo_NUTSIII!$A:$A,0))) -> 1511 | D11: =IF(B11="","",INDEX(Resumo_NUTSIII!$C:$C,MATCH(B11,Resumo_NUTSIII!$A:$A,0))) -> 8.4 | E11: =IF(B11="","",INDEX(Resumo_NUTSIII!$D:$D,MATCH(B11,Resumo_NUTSIII!$A:$A,0))) -> 22.4 | F11: =IF(B11="","",INDEX(Resumo_NUTSIII!$E:$E,MATCH(B11,Resumo_NUTSIII!$A:$A,0))) -> 145 | G11: =IF(B11="","",INDEX(Resumo_NUTSIII!$F:$F,MATCH(B11,Resumo_NUTSIII!$A:$A,0))) -> 420 | H11: =IF(B11="","",INDEX(Resumo_NUTSIII!$G:$G,MATCH(B11,Resumo_NUTSIII!$A:$A,0))) -> 500 | I11: =IF(B11="","",INDEX(Resumo_NUTSIII!$H:$H,MATCH(B11,Resumo_NUTSIII!$A:$A,0))) -> 225 | J11: =IF(B11="","",INDEX(Resumo_NUTSIII!$I:$I,MATCH(B11,Resumo_NUTSIII!$A:$A,0))) -> 500 | K11: =IF(B11="","",INDEX(Resumo_NUTSIII!$J:$J,MATCH(B11,Resumo_NUTSIII!$A:$A,0))) -> 361 | L11: =IF(B11="","",INDEX(Resumo_NUTSIII!$K:$K,MATCH(B11,Resumo_NUTSIII!$A:$A,0))) -> 6.7
A12: Vila Velha de Ródão | B12: Beira Interior Sul | C12: =IF(B12="","",INDEX(Resumo_NUTSIII!$B:$B,MATCH(B12,Resumo_NUTSIII!$A:$A,0))) -> 1274 | D12: =IF(B12="","",INDEX(Resumo_NUTSIII!$C:$C,MATCH(B12,Resumo_NUTSIII!$A:$A,0))) -> 9.1 | E12: =IF(B12="","",INDEX(Resumo_NUTSIII!$D:$D,MATCH(B12,Resumo_NUTSIII!$A:$A,0))) -> 25.3 | F12: =IF(B12="","",INDEX(Resumo_NUTSIII!$E:$E,MATCH(B12,Resumo_NUTSIII!$A:$A,0))) -> 140 | G12: =IF(B12="","",INDEX(Resumo_NUTSIII!$F:$F,MATCH(B12,Resumo_NUTSIII!$A:$A,0))) -> 420 | H12: =IF(B12="","",INDEX(Resumo_NUTSIII!$G:$G,MATCH(B12,Resumo_NUTSIII!$A:$A,0))) -> 500 | I12: =IF(B12="","",INDEX(Resumo_NUTSIII!$H:$H,MATCH(B12,Resumo_NUTSIII!$A:$A,0))) -> 220 | J12: =IF(B12="","",INDEX(Resumo_NUTSIII!$I:$I,MATCH(B12,Resumo_NUTSIII!$A:$A,0))) -> 500 | K12: =IF(B12="","",INDEX(Resumo_NUTSIII!$J:$J,MATCH(B12,Resumo_NUTSIII!$A:$A,0))) -> 328 | L12: =IF(B12="","",INDEX(Resumo_NUTSIII!$K:$K,MATCH(B12,Resumo_NUTSIII!$A:$A,0))) -> 5.4
L13: =IF(B13="","",INDEX(Resumo_NUTSIII!$K:$K,MATCH(B13,Resumo_NUTSIII!$A:$A,0)))
L14: =IF(B14="","",INDEX(Resumo_NUTSIII!$K:$K,MATCH(B14,Resumo_NUTSIII!$A:$A,0)))
L15: =IF(B15="","",INDEX(Resumo_NUTSIII!$K:$K,MATCH(B15,Resumo_NUTSIII!$A:$A,0)))
L16: =IF(B16="","",INDEX(Resumo_NUTSIII!$K:$K,MATCH(B16,Resumo_NUTSIII!$A:$A,0)))
L17: =IF(B17="","",INDEX(Resumo_NUTSIII!$K:$K,MATCH(B17,Resumo_NUTSIII!$A:$A,0)))
L18: =IF(B18="","",INDEX(Resumo_NUTSIII!$K:$K,MATCH(B18,Resumo_NUTSIII!$A:$A,0)))
L19: =IF(B19="","",INDEX(Resumo_NUTSIII!$K:$K,MATCH(B19,Resumo_NUTSIII!$A:$A,0)))
L20: =IF(B20="","",INDEX(Resumo_NUTSIII!$K:$K,MATCH(B20,Resumo_NUTSIII!$A:$A,0)))

Sheet Faro
A1: Concelho | B1: NUTS III | C1: GD_REF | D1: theta_inv_REF | E1: theta_ver_REF | F1: G_inv_sul_kWhm2mes | G1: G_verao_S_kWhm2mes | H1: G_verao_O_kWhm2mes | I1: G_verao_N_kWhm2mes | J1: G_verao_E_kWhm2mes | K1: z_REF_m | L1: Mref
A2: Albufeira | B2: Algarve | C2: =IF(B2="","",INDEX(Resumo_NUTSIII!$B:$B,MATCH(B2,Resumo_NUTSIII!$A:$A,0))) -> 987 | D2: =IF(B2="","",INDEX(Resumo_NUTSIII!$C:$C,MATCH(B2,Resumo_NUTSIII!$A:$A,0))) -> 11.3 | E2: =IF(B2="","",INDEX(Resumo_NUTSIII!$D:$D,MATCH(B2,Resumo_NUTSIII!$A:$A,0))) -> 23.1 | F2: =IF(B2="","",INDEX(Resumo_NUTSIII!$E:$E,MATCH(B2,Resumo_NUTSIII!$A:$A,0))) -> 155 | G2: =IF(B2="","",INDEX(Resumo_NUTSIII!$F:$F,MATCH(B2,Resumo_NUTSIII!$A:$A,0))) -> 405 | H2: =IF(B2="","",INDEX(Resumo_NUTSIII!$G:$G,MATCH(B2,Resumo_NUTSIII!$A:$A,0))) -> 515 | I2: =IF(B2="","",INDEX(Resumo_NUTSIII!$H:$H,MATCH(B2,Resumo_NUTSIII!$A:$A,0))) -> 225 | J2: =IF(B2="","",INDEX(Resumo_NUTSIII!$I:$I,MATCH(B2,Resumo_NUTSIII!$A:$A,0))) -> 515 | K2: =IF(B2="","",INDEX(Resumo_NUTSIII!$J:$J,MATCH(B2,Resumo_NUTSIII!$A:$A,0))) -> 145 | L2: =IF(B2="","",INDEX(Resumo_NUTSIII!$K:$K,MATCH(B2,Resumo_NUTSIII!$A:$A,0))) -> 4.8
A3: Alcoutim | B3: Algarve | C3: =IF(B3="","",INDEX(Resumo_NUTSIII!$B:$B,MATCH(B3,Resumo_NUTSIII!$A:$A,0))) -> 987 | D3: =IF(B3="","",INDEX(Resumo_NUTSIII!$C:$C,MATCH(B3,Resumo_NUTSIII!$A:$A,0))) -> 11.3 | E3: =IF(B3="","",INDEX(Resumo_NUTSIII!$D:$D,MATCH(B3,Resumo_NUTSIII!$A:$A,0))) -> 23.1 | F3: =IF(B3="","",INDEX(Resumo_NUTSIII!$E:$E,MATCH(B3,Resumo_NUTSIII!$A:$A,0))) -> 155 | G3: =IF(B3="","",INDEX(Resumo_NUTSIII!$F:$F,MATCH(B3,Resumo_NUTSIII!$A:$A,0))) -> 405 | H3: =IF(B3="","",INDEX(Resumo_NUTSIII!$G:$G,MATCH(B3,Resumo_NUTSIII!$A:$A,0))) -> 515 | I3: =IF(B3="","",INDEX(Resumo_NUTSIII!$H:$H,MATCH(B3,Resumo_NUTSIII!$A:$A,0))) -> 225 | J3: =IF(B3="","",INDEX(Resumo_NUTSIII!$I:$I,MATCH(B3,Resumo_NUTSIII!$A:$A,0))) -> 515 | K3: =IF(B3="","",INDEX(Resumo_NUTSIII!$J:$J,MATCH(B3,Resumo_NUTSIII!$A:$A,0))) -> 145 | L3: =IF(B3="","",INDEX(Resumo_NUTSIII!$K:$K,MATCH(B3,Resumo_NUTSIII!$A:$A,0))) -> 4.8
A4: Aljezur | B4: Algarve | C4: =IF(B4="","",INDEX(Resumo_NUTSIII!$B:$B,MATCH(B4,Resumo_NUTSIII!$A:$A,0))) -> 987 | D4: =IF(B4="","",INDEX(Resumo_NUTSIII!$C:$C,MATCH(B4,Resumo_NUTSIII!$A:$A,0))) -> 11.3 | E4: =IF(B4="","",INDEX(Resumo_NUTSIII!$D:$D,MATCH(B4,Resumo_NUTSIII!$A:$A,0))) -> 23.1 | F4: =IF(B4="","",INDEX(Resumo_NUTSIII!$E:$E,MATCH(B4,Resumo_NUTSIII!$A:$A,0))) -> 155 | G4: =IF(B4="","",INDEX(Resumo_NUTSIII!$F:$F,MATCH(B4,Resumo_NUTSIII!$A:$A,0))) -> 405 | H4: =IF(B4="","",INDEX(Resumo_NUTSIII!$G:$G,MATCH(B4,Resumo_NUTSIII!$A:$A,0))) -> 515 | I4: =IF(B4="","",INDEX(Resumo_NUTSIII!$H:$H,MATCH(B4,Resumo_NUTSIII!$A:$A,0))) -> 225 | J4: =IF(B4="","",INDEX(Resumo_NUTSIII!$I:$I,MATCH(B4,Resumo_NUTSIII!$A:$A,0))) -> 515 | K4: =IF(B4="","",INDEX(Resumo_NUTSIII!$J:$J,MATCH(B4,Resumo_NUTSIII!$A:$A,0))) -> 145 | L4: =IF(B4="","",INDEX(Resumo_NUTSIII!$K:$K,MATCH(B4,Resumo_NUTSIII!$A:$A,0))) -> 4.8
A5: Castro Marim | B5: Algarve | C5: =IF(B5="","",INDEX(Resumo_NUTSIII!$B:$B,MATCH(B5,Resumo_NUTSIII!$A:$A,0))) -> 987 | D5: =IF(B5="","",INDEX(Resumo_NUTSIII!$C:$C,MATCH(B5,Resumo_NUTSIII!$A:$A,0))) -> 11.3 | E5: =IF(B5="","",INDEX(Resumo_NUTSIII!$D:$D,MATCH(B5,Resumo_NUTSIII!$A:$A,0))) -> 23.1 | F5: =IF(B5="","",INDEX(Resumo_NUTSIII!$E:$E,MATCH(B5,Resumo_NUTSIII!$A:$A,0))) -> 155 | G5: =IF(B5="","",INDEX(Resumo_NUTSIII!$F:$F,MATCH(B5,Resumo_NUTSIII!$A:$A,0))) -> 405 | H5: =IF(B5="","",INDEX(Resumo_NUTSIII!$G:$G,MATCH(B5,Resumo_NUTSIII!$A:$A,0))) -> 515 | I5: =IF(B5="","",INDEX(Resumo_NUTSIII!$H:$H,MATCH(B5,Resumo_NUTSIII!$A:$A,0))) -> 225 | J5: =IF(B5="","",INDEX(Resumo_NUTSIII!$I:$I,MATCH(B5,Resumo_NUTSIII!$A:$A,0))) -> 515 | K5: =IF(B5="","",INDEX(Resumo_NUTSIII!$J:$J,MATCH(B5,Resumo_NUTSIII!$A:$A,0))) -> 145 | L5: =IF(B5="","",INDEX(Resumo_NUTSIII!$K:$K,MATCH(B5,Resumo_NUTSIII!$A:$A,0))) -> 4.8
A6: Faro | B6: Algarve | C6: =IF(B6="","",INDEX(Resumo_NUTSIII!$B:$B,MATCH(B6,Resumo_NUTSIII!$A:$A,0))) -> 987 | D6: =IF(B6="","",INDEX(Resumo_NUTSIII!$C:$C,MATCH(B6,Resumo_NUTSIII!$A:$A,0))) -> 11.3 | E6: =IF(B6="","",INDEX(Resumo_NUTSIII!$D:$D,MATCH(B6,Resumo_NUTSIII!$A:$A,0))) -> 23.1 | F6: =IF(B6="","",INDEX(Resumo_NUTSIII!$E:$E,MATCH(B6,Resumo_NUTSIII!$A:$A,0))) -> 155 | G6: =IF(B6="","",INDEX(Resumo_NUTSIII!$F:$F,MATCH(B6,Resumo_NUTSIII!$A:$A,0))) -> 405 | H6: =IF(B6="","",INDEX(Resumo_NUTSIII!$G:$G,MATCH(B6,Resumo_NUTSIII!$A:$A,0))) -> 515 | I6: =IF(B6="","",INDEX(Resumo_NUTSIII!$H:$H,MATCH(B6,Resumo_NUTSIII!$A:$A,0))) -> 225 | J6: =IF(B6="","",INDEX(Resumo_NUTSIII!$I:$I,MATCH(B6,Resumo_NUTSIII!$A:$A,0))) -> 515 | K6: =IF(B6="","",INDEX(Resumo_NUTSIII!$J:$J,MATCH(B6,Resumo_NUTSIII!$A:$A,0))) -> 145 | L6: =IF(B6="","",INDEX(Resumo_NUTSIII!$K:$K,MATCH(B6,Resumo_NUTSIII!$A:$A,0))) -> 4.8
A7: Lagoa | B7: Algarve | C7: =IF(B7="","",INDEX(Resumo_NUTSIII!$B:$B,MATCH(B7,Resumo_NUTSIII!$A:$A,0))) -> 987 | D7: =IF(B7="","",INDEX(Resumo_NUTSIII!$C:$C,MATCH(B7,Resumo_NUTSIII!$A:$A,0))) -> 11.3 | E7: =IF(B7="","",INDEX(Resumo_NUTSIII!$D:$D,MATCH(B7,Resumo_NUTSIII!$A:$A,0))) -> 23.1 | F7: =IF(B7="","",INDEX(Resumo_NUTSIII!$E:$E,MATCH(B7,Resumo_NUTSIII!$A:$A,0))) -> 155 | G7: =IF(B7="","",INDEX(Resumo_NUTSIII!$F:$F,MATCH(B7,Resumo_NUTSIII!$A:$A,0))) -> 405 | H7: =IF(B7="","",INDEX(Resumo_NUTSIII!$G:$G,MATCH(B7,Resumo_NUTSIII!$A:$A,0))) -> 515 | I7: =IF(B7="","",INDEX(Resumo_NUTSIII!$H:$H,MATCH(B7,Resumo_NUTSIII!$A:$A,0))) -> 225 | J7: =IF(B7="","",INDEX(Resumo_NUTSIII!$I:$I,MATCH(B7,Resumo_NUTSIII!$A:$A,0))) -> 515 | K7: =IF(B7="","",INDEX(Resumo_NUTSIII!$J:$J,MATCH(B7,Resumo_NUTSIII!$A:$A,0))) -> 145 | L7: =IF(B7="","",INDEX(Resumo_NUTSIII!$K:$K,MATCH(B7,Resumo_NUTSIII!$A:$A,0))) -> 4.8
A8: Lagos | B8: Algarve | C8: =IF(B8="","",INDEX(Resumo_NUTSIII!$B:$B,MATCH(B8,Resumo_NUTSIII!$A:$A,0))) -> 987 | D8: =IF(B8="","",INDEX(Resumo_NUTSIII!$C:$C,MATCH(B8,Resumo_NUTSIII!$A:$A,0))) -> 11.3 | E8: =IF(B8="","",INDEX(Resumo_NUTSIII!$D:$D,MATCH(B8,Resumo_NUTSIII!$A:$A,0))) -> 23.1 | F8: =IF(B8="","",INDEX(Resumo_NUTSIII!$E:$E,MATCH(B8,Resumo_NUTSIII!$A:$A,0))) -> 155 | G8: =IF(B8="","",INDEX(Resumo_NUTSIII!$F:$F,MATCH(B8,Resumo_NUTSIII!$A:$A,0))) -> 405 | H8: =IF(B8="","",INDEX(Resumo_NUTSIII!$G:$G,MATCH(B8,Resumo_NUTSIII!$A:$A,0))) -> 515 | I8: =IF(B8="","",INDEX(Resumo_NUTSIII!$H:$H,MATCH(B8,Resumo_NUTSIII!$A:$A,0))) -> 225 | J8: =IF(B8="","",INDEX(Resumo_NUTSIII!$I:$I,MATCH(B8,Resumo_NUTSIII!$A:$A,0))) -> 515 | K8: =IF(B8="","",INDEX(Resumo_NUTSIII!$J:$J,MATCH(B8,Resumo_NUTSIII!$A:$A,0))) -> 145 | L8: =IF(B8="","",INDEX(Resumo_NUTSIII!$K:$K,MATCH(B8,Resumo_NUTSIII!$A:$A,0))) -> 4.8
A9: Loulé | B9: Algarve | C9: =IF(B9="","",INDEX(Resumo_NUTSIII!$B:$B,MATCH(B9,Resumo_NUTSIII!$A:$A,0))) -> 987 | D9: =IF(B9="","",INDEX(Resumo_NUTSIII!$C:$C,MATCH(B9,Resumo_NUTSIII!$A:$A,0))) -> 11.3 | E9: =IF(B9="","",INDEX(Resumo_NUTSIII!$D:$D,MATCH(B9,Resumo_NUTSIII!$A:$A,0))) -> 23.1 | F9: =IF(B9="","",INDEX(Resumo_NUTSIII!$E:$E,MATCH(B9,Resumo_NUTSIII!$A:$A,0))) -> 155 | G9: =IF(B9="","",INDEX(Resumo_NUTSIII!$F:$F,MATCH(B9,Resumo_NUTSIII!$A:$A,0))) -> 405 | H9: =IF(B9="","",INDEX(Resumo_NUTSIII!$G:$G,MATCH(B9,Resumo_NUTSIII!$A:$A,0))) -> 515 | I9: =IF(B9="","",INDEX(Resumo_NUTSIII!$H:$H,MATCH(B9,Resumo_NUTSIII!$A:$A,0))) -> 225 | J9: =IF(B9="","",INDEX(Resumo_NUTSIII!$I:$I,MATCH(B9,Resumo_NUTSIII!$A:$A,0))) -> 515 | K9: =IF(B9="","",INDEX(Resumo_NUTSIII!$J:$J,MATCH(B9,Resumo_NUTSIII!$A:$A,0))) -> 145 | L9: =IF(B9="","",INDEX(Resumo_NUTSIII!$K:$K,MATCH(B9,Resumo_NUTSIII!$A:$A,0))) -> 4.8
A10: Monchique | B10: Algarve | C10: =IF(B10="","",INDEX(Resumo_NUTSIII!$B:$B,MATCH(B10,Resumo_NUTSIII!$A:$A,0))) -> 987 | D10: =IF(B10="","",INDEX(Resumo_NUTSIII!$C:$C,MATCH(B10,Resumo_NUTSIII!$A:$A,0))) -> 11.3 | E10: =IF(B10="","",INDEX(Resumo_NUTSIII!$D:$D,MATCH(B10,Resumo_NUTSIII!$A:$A,0))) -> 23.1 | F10: =IF(B10="","",INDEX(Resumo_NUTSIII!$E:$E,MATCH(B10,Resumo_NUTSIII!$A:$A,0))) -> 155 | G10: =IF(B10="","",INDEX(Resumo_NUTSIII!$F:$F,MATCH(B10,Resumo_NUTSIII!$A:$A,0))) -> 405 | H10: =IF(B10="","",INDEX(Resumo_NUTSIII!$G:$G,MATCH(B10,Resumo_NUTSIII!$A:$A,0))) -> 515 | I10: =IF(B10="","",INDEX(Resumo_NUTSIII!$H:$H,MATCH(B10,Resumo_NUTSIII!$A:$A,0))) -> 225 | J10: =IF(B10="","",INDEX(Resumo_NUTSIII!$I:$I,MATCH(B10,Resumo_NUTSIII!$A:$A,0))) -> 515 | K10: =IF(B10="","",INDEX(Resumo_NUTSIII!$J:$J,MATCH(B10,Resumo_NUTSIII!$A:$A,0))) -> 145 | L10: =IF(B10="","",INDEX(Resumo_NUTSIII!$K:$K,MATCH(B10,Resumo_NUTSIII!$A:$A,0))) -> 4.8
A11: Olhão | B11: Algarve | C11: =IF(B11="","",INDEX(Resumo_NUTSIII!$B:$B,MATCH(B11,Resumo_NUTSIII!$A:$A,0))) -> 987 | D11: =IF(B11="","",INDEX(Resumo_NUTSIII!$C:$C,MATCH(B11,Resumo_NUTSIII!$A:$A,0))) -> 11.3 | E11: =IF(B11="","",INDEX(Resumo_NUTSIII!$D:$D,MATCH(B11,Resumo_NUTSIII!$A:$A,0))) -> 23.1 | F11: =IF(B11="","",INDEX(Resumo_NUTSIII!$E:$E,MATCH(B11,Resumo_NUTSIII!$A:$A,0))) -> 155 | G11: =IF(B11="","",INDEX(Resumo_NUTSIII!$F:$F,MATCH(B11,Resumo_NUTSIII!$A:$A,0))) -> 405 | H11: =IF(B11="","",INDEX(Resumo_NUTSIII!$G:$G,MATCH(B11,Resumo_NUTSIII!$A:$A,0))) -> 515 | I11: =IF(B11="","",INDEX(Resumo_NUTSIII!$H:$H,MATCH(B11,Resumo_NUTSIII!$A:$A,0))) -> 225 | J11: =IF(B11="","",INDEX(Resumo_NUTSIII!$I:$I,MATCH(B11,Resumo_NUTSIII!$A:$A,0))) -> 515 | K11: =IF(B11="","",INDEX(Resumo_NUTSIII!$J:$J,MATCH(B11,Resumo_NUTSIII!$A:$A,0))) -> 145 | L11: =IF(B11="","",INDEX(Resumo_NUTSIII!$K:$K,MATCH(B11,Resumo_NUTSIII!$A:$A,0))) -> 4.8
A12: Portimão | B12: Algarve | C12: =IF(B12="","",INDEX(Resumo_NUTSIII!$B:$B,MATCH(B12,Resumo_NUTSIII!$A:$A,0))) -> 987 | D12: =IF(B12="","",INDEX(Resumo_NUTSIII!$C:$C,MATCH(B12,Resumo_NUTSIII!$A:$A,0))) -> 11.3 | E12: =IF(B12="","",INDEX(Resumo_NUTSIII!$D:$D,MATCH(B12,Resumo_NUTSIII!$A:$A,0))) -> 23.1 | F12: =IF(B12="","",INDEX(Resumo_NUTSIII!$E:$E,MATCH(B12,Resumo_NUTSIII!$A:$A,0))) -> 155 | G12: =IF(B12="","",INDEX(Resumo_NUTSIII!$F:$F,MATCH(B12,Resumo_NUTSIII!$A:$A,0))) -> 405 | H12: =IF(B12="","",INDEX(Resumo_NUTSIII!$G:$G,MATCH(B12,Resumo_NUTSIII!$A:$A,0))) -> 515 | I12: =IF(B12="","",INDEX(Resumo_NUTSIII!$H:$H,MATCH(B12,Resumo_NUTSIII!$A:$A,0))) -> 225 | J12: =IF(B12="","",INDEX(Resumo_NUTSIII!$I:$I,MATCH(B12,Resumo_NUTSIII!$A:$A,0))) -> 515 | K12: =IF(B12="","",INDEX(Resumo_NUTSIII!$J:$J,MATCH(B12,Resumo_NUTSIII!$A:$A,0))) -> 145 | L12: =IF(B12="","",INDEX(Resumo_NUTSIII!$K:$K,MATCH(B12,Resumo_NUTSIII!$A:$A,0))) -> 4.8
A13: São Brás de Alportel | B13: Algarve | C13: =IF(B13="","",INDEX(Resumo_NUTSIII!$B:$B,MATCH(B13,Resumo_NUTSIII!$A:$A,0))) -> 987 | D13: =IF(B13="","",INDEX(Resumo_NUTSIII!$C:$C,MATCH(B13,Resumo_NUTSIII!$A:$A,0))) -> 11.3 | E13: =IF(B13="","",INDEX(Resumo_NUTSIII!$D:$D,MATCH(B13,Resumo_NUTSIII!$A:$A,0))) -> 23.1 | F13: =IF(B13="","",INDEX(Resumo_NUTSIII!$E:$E,MATCH(B13,Resumo_NUTSIII!$A:$A,0))) -> 155 | G13: =IF(B13="","",INDEX(Resumo_NUTSIII!$F:$F,MATCH(B13,Resumo_NUTSIII!$A:$A,0))) -> 405 | H13: =IF(B13="","",INDEX(Resumo_NUTSIII!$G:$G,MATCH(B13,Resumo_NUTSIII!$A:$A,0))) -> 515 | I13: =IF(B13="","",INDEX(Resumo_NUTSIII!$H:$H,MATCH(B13,Resumo_NUTSIII!$A:$A,0))) -> 225 | J13: =IF(B13="","",INDEX(Resumo_NUTSIII!$I:$I,MATCH(B13,Resumo_NUTSIII!$A:$A,0))) -> 515 | K13: =IF(B13="","",INDEX(Resumo_NUTSIII!$J:$J,MATCH(B13,Resumo_NUTSIII!$A:$A,0))) -> 145 | L13: =IF(B13="","",INDEX(Resumo_NUTSIII!$K:$K,MATCH(B13,Resumo_NUTSIII!$A:$A,0))) -> 4.8
... A17: Vila Real de Santo António | B17: Algarve | C17: =IF(B17="","",INDEX(Resumo_NUTSIII!$B:$B,MATCH(B17,Resumo_NUTSIII!$A:$A,0))) -> 987 | D17: =IF(B17="","",INDEX(Resumo_NUTSIII!$C:$C,MATCH(B17,Resumo_NUTSIII!$A:$A,0))) -> 11.3 | E17: =IF(B17="","",INDEX(Resumo_NUTSIII!$D:$D,MATCH(B17,Resumo_NUTSIII!$A:$A,0))) -> 23.1 | F17: =IF(B17="","",INDEX(Resumo_NUTSIII!$E:$E,MATCH(B17,Resumo_NUTSIII!$A:$A,0))) -> 155 | G17: =IF(B17="","",INDEX(Resumo_NUTSIII!$F:$F,MATCH(B17,Resumo_NUTSIII!$A:$A,0))) -> 405 | H17: =IF(B17="","",INDEX(Resumo_NUTSIII!$G:$G,MATCH(B17,Resumo_NUTSIII!$A:$A,0))) -> 515 | I17: =IF(B17="","",INDEX(Resumo_NUTSIII!$H:$H,MATCH(B17,Resumo_NUTSIII!$A:$A,0))) -> 225 | J17: =IF(B17="","",INDEX(Resumo_NUTSIII!$I:$I,MATCH(B17,Resumo_NUTSIII!$A:$A,0))) -> 515 | K17: =IF(B17="","",INDEX(Resumo_NUTSIII!$J:$J,MATCH(B17,Resumo_NUTSIII!$A:$A,0))) -> 145 | L17: =IF(B17="","",INDEX(Resumo_NUTSIII!$K:$K,MATCH(B17,Resumo_NUTSIII!$A:$A,0))) -> 4.8
L18: =IF(B18="","",INDEX(Resumo_NUTSIII!$K:$K,MATCH(B18,Resumo_NUTSIII!$A:$A,0)))
L19: =IF(B19="","",INDEX(Resumo_NUTSIII!$K:$K,MATCH(B19,Resumo_NUTSIII!$A:$A,0)))
L20: =IF(B20="","",INDEX(Resumo_NUTSIII!$K:$K,MATCH(B20,Resumo_NUTSIII!$A:$A,0)))

Sheet Coimbra
A1: Concelho | B1: NUTSIII | C1: GD_REF | D1: theta_inv_REF | E1: theta_ver_REF | F1: G_inv_sul_kWhm2mes | G1: G_verao_S_kWhm2mes | H1: G_verao_O_kWhm2mes | I1: G_verao_N_kWhm2mes | J1: G_verao_E_kWhm2mes | K1: z_REF_m | L1: Mref
A2: Arganil | B2: Pinhal Interior Norte | C2: =IF(B2="","",INDEX(Resumo_NUTSIII!$B:$B,MATCH(B2,Resumo_NUTSIII!$A:$A,0))) -> 1555 | D2: =IF(B2="","",INDEX(Resumo_NUTSIII!$C:$C,MATCH(B2,Resumo_NUTSIII!$A:$A,0))) -> 8.3 | E2: =IF(B2="","",INDEX(Resumo_NUTSIII!$D:$D,MATCH(B2,Resumo_NUTSIII!$A:$A,0))) -> 21.2 | F2: =IF(B2="","",INDEX(Resumo_NUTSIII!$E:$E,MATCH(B2,Resumo_NUTSIII!$A:$A,0))) -> 140 | G2: =IF(B2="","",INDEX(Resumo_NUTSIII!$F:$F,MATCH(B2,Resumo_NUTSIII!$A:$A,0))) -> 420 | H2: =IF(B2="","",INDEX(Resumo_NUTSIII!$G:$G,MATCH(B2,Resumo_NUTSIII!$A:$A,0))) -> 500 | I2: =IF(B2="","",INDEX(Resumo_NUTSIII!$H:$H,MATCH(B2,Resumo_NUTSIII!$A:$A,0))) -> 220 | J2: =IF(B2="","",INDEX(Resumo_NUTSIII!$I:$I,MATCH(B2,Resumo_NUTSIII!$A:$A,0))) -> 500 | K2: =IF(B2="","",INDEX(Resumo_NUTSIII!$J:$J,MATCH(B2,Resumo_NUTSIII!$A:$A,0))) -> 361 | L2: =IF(B2="","",INDEX(Resumo_NUTSIII!$K:$K,MATCH(B2,Resumo_NUTSIII!$A:$A,0))) -> 6.8
A3: Cantanhede | B3: Baixo Mondego | C3: =IF(B3="","",INDEX(Resumo_NUTSIII!$B:$B,MATCH(B3,Resumo_NUTSIII!$A:$A,0))) -> 1304 | D3: =IF(B3="","",INDEX(Resumo_NUTSIII!$C:$C,MATCH(B3,Resumo_NUTSIII!$A:$A,0))) -> 9.7 | E3: =IF(B3="","",INDEX(Resumo_NUTSIII!$D:$D,MATCH(B3,Resumo_NUTSIII!$A:$A,0))) -> 20.9 | F3: =IF(B3="","",INDEX(Resumo_NUTSIII!$E:$E,MATCH(B3,Resumo_NUTSIII!$A:$A,0))) -> 140 | G3: =IF(B3="","",INDEX(Resumo_NUTSIII!$F:$F,MATCH(B3,Resumo_NUTSIII!$A:$A,0))) -> 420 | H3: =IF(B3="","",INDEX(Resumo_NUTSIII!$G:$G,MATCH(B3,Resumo_NUTSIII!$A:$A,0))) -> 495 | I3: =IF(B3="","",INDEX(Resumo_NUTSIII!$H:$H,MATCH(B3,Resumo_NUTSIII!$A:$A,0))) -> 225 | J3: =IF(B3="","",INDEX(Resumo_NUTSIII!$I:$I,MATCH(B3,Resumo_NUTSIII!$A:$A,0))) -> 495 | K3: =IF(B3="","",INDEX(Resumo_NUTSIII!$J:$J,MATCH(B3,Resumo_NUTSIII!$A:$A,0))) -> 67 | L3: =IF(B3="","",INDEX(Resumo_NUTSIII!$K:$K,MATCH(B3,Resumo_NUTSIII!$A:$A,0))) -> 6.3
A4: Coimbra | B4: Baixo Mondego | C4: =IF(B4="","",INDEX(Resumo_NUTSIII!$B:$B,MATCH(B4,Resumo_NUTSIII!$A:$A,0))) -> 1304 | D4: =IF(B4="","",INDEX(Resumo_NUTSIII!$C:$C,MATCH(B4,Resumo_NUTSIII!$A:$A,0))) -> 9.7 | E4: =IF(B4="","",INDEX(Resumo_NUTSIII!$D:$D,MATCH(B4,Resumo_NUTSIII!$A:$A,0))) -> 20.9 | F4: =IF(B4="","",INDEX(Resumo_NUTSIII!$E:$E,MATCH(B4,Resumo_NUTSIII!$A:$A,0))) -> 140 | G4: =IF(B4="","",INDEX(Resumo_NUTSIII!$F:$F,MATCH(B4,Resumo_NUTSIII!$A:$A,0))) -> 420 | H4: =IF(B4="","",INDEX(Resumo_NUTSIII!$G:$G,MATCH(B4,Resumo_NUTSIII!$A:$A,0))) -> 495 | I4: =IF(B4="","",INDEX(Resumo_NUTSIII!$H:$H,MATCH(B4,Resumo_NUTSIII!$A:$A,0))) -> 225 | J4: =IF(B4="","",INDEX(Resumo_NUTSIII!$I:$I,MATCH(B4,Resumo_NUTSIII!$A:$A,0))) -> 495 | K4: =IF(B4="","",INDEX(Resumo_NUTSIII!$J:$J,MATCH(B4,Resumo_NUTSIII!$A:$A,0))) -> 67 | L4: =IF(B4="","",INDEX(Resumo_NUTSIII!$K:$K,MATCH(B4,Resumo_NUTSIII!$A:$A,0))) -> 6.3
A5: Condeixa-a-Nova | B5: Baixo Mondego | C5: =IF(B5="","",INDEX(Resumo_NUTSIII!$B:$B,MATCH(B5,Resumo_NUTSIII!$A:$A,0))) -> 1304 | D5: =IF(B5="","",INDEX(Resumo_NUTSIII!$C:$C,MATCH(B5,Resumo_NUTSIII!$A:$A,0))) -> 9.7 | E5: =IF(B5="","",INDEX(Resumo_NUTSIII!$D:$D,MATCH(B5,Resumo_NUTSIII!$A:$A,0))) -> 20.9 | F5: =IF(B5="","",INDEX(Resumo_NUTSIII!$E:$E,MATCH(B5,Resumo_NUTSIII!$A:$A,0))) -> 140 | G5: =IF(B5="","",INDEX(Resumo_NUTSIII!$F:$F,MATCH(B5,Resumo_NUTSIII!$A:$A,0))) -> 420 | H5: =IF(B5="","",INDEX(Resumo_NUTSIII!$G:$G,MATCH(B5,Resumo_NUTSIII!$A:$A,0))) -> 495 | I5: =IF(B5="","",INDEX(Resumo_NUTSIII!$H:$H,MATCH(B5,Resumo_NUTSIII!$A:$A,0))) -> 225 | J5: =IF(B5="","",INDEX(Resumo_NUTSIII!$I:$I,MATCH(B5,Resumo_NUTSIII!$A:$A,0))) -> 495 | K5: =IF(B5="","",INDEX(Resumo_NUTSIII!$J:$J,MATCH(B5,Resumo_NUTSIII!$A:$A,0))) -> 67 | L5: =IF(B5="","",INDEX(Resumo_NUTSIII!$K:$K,MATCH(B5,Resumo_NUTSIII!$A:$A,0))) -> 6.3
A6: Figueira da Foz | B6: Baixo Mondego | C6: =IF(B6="","",INDEX(Resumo_NUTSIII!$B:$B,MATCH(B6,Resumo_NUTSIII!$A:$A,0))) -> 1304 | D6: =IF(B6="","",INDEX(Resumo_NUTSIII!$C:$C,MATCH(B6,Resumo_NUTSIII!$A:$A,0))) -> 9.7 | E6: =IF(B6="","",INDEX(Resumo_NUTSIII!$D:$D,MATCH(B6,Resumo_NUTSIII!$A:$A,0))) -> 20.9 | F6: =IF(B6="","",INDEX(Resumo_NUTSIII!$E:$E,MATCH(B6,Resumo_NUTSIII!$A:$A,0))) -> 140 | G6: =IF(B6="","",INDEX(Resumo_NUTSIII!$F:$F,MATCH(B6,Resumo_NUTSIII!$A:$A,0))) -> 420 | H6: =IF(B6="","",INDEX(Resumo_NUTSIII!$G:$G,MATCH(B6,Resumo_NUTSIII!$A:$A,0))) -> 495 | I6: =IF(B6="","",INDEX(Resumo_NUTSIII!$H:$H,MATCH(B6,Resumo_NUTSIII!$A:$A,0))) -> 225 | J6: =IF(B6="","",INDEX(Resumo_NUTSIII!$I:$I,MATCH(B6,Resumo_NUTSIII!$A:$A,0))) -> 495 | K6: =IF(B6="","",INDEX(Resumo_NUTSIII!$J:$J,MATCH(B6,Resumo_NUTSIII!$A:$A,0))) -> 67 | L6: =IF(B6="","",INDEX(Resumo_NUTSIII!$K:$K,MATCH(B6,Resumo_NUTSIII!$A:$A,0))) -> 6.3
A7: Gois | B7: Pinhal Interior Norte | C7: =IF(B7="","",INDEX(Resumo_NUTSIII!$B:$B,MATCH(B7,Resumo_NUTSIII!$A:$A,0))) -> 1555 | D7: =IF(B7="","",INDEX(Resumo_NUTSIII!$C:$C,MATCH(B7,Resumo_NUTSIII!$A:$A,0))) -> 8.3 | E7: =IF(B7="","",INDEX(Resumo_NUTSIII!$D:$D,MATCH(B7,Resumo_NUTSIII!$A:$A,0))) -> 21.2 | F7: =IF(B7="","",INDEX(Resumo_NUTSIII!$E:$E,MATCH(B7,Resumo_NUTSIII!$A:$A,0))) -> 140 | G7: =IF(B7="","",INDEX(Resumo_NUTSIII!$F:$F,MATCH(B7,Resumo_NUTSIII!$A:$A,0))) -> 420 | H7: =IF(B7="","",INDEX(Resumo_NUTSIII!$G:$G,MATCH(B7,Resumo_NUTSIII!$A:$A,0))) -> 500 | I7: =IF(B7="","",INDEX(Resumo_NUTSIII!$H:$H,MATCH(B7,Resumo_NUTSIII!$A:$A,0))) -> 220 | J7: =IF(B7="","",INDEX(Resumo_NUTSIII!$I:$I,MATCH(B7,Resumo_NUTSIII!$A:$A,0))) -> 500 | K7: =IF(B7="","",INDEX(Resumo_NUTSIII!$J:$J,MATCH(B7,Resumo_NUTSIII!$A:$A,0))) -> 361 | L7: =IF(B7="","",INDEX(Resumo_NUTSIII!$K:$K,MATCH(B7,Resumo_NUTSIII!$A:$A,0))) -> 6.8
A8: Lousa | B8: Pinhal Interior Norte | C8: =IF(B8="","",INDEX(Resumo_NUTSIII!$B:$B,MATCH(B8,Resumo_NUTSIII!$A:$A,0))) -> 1555 | D8: =IF(B8="","",INDEX(Resumo_NUTSIII!$C:$C,MATCH(B8,Resumo_NUTSIII!$A:$A,0))) -> 8.3 | E8: =IF(B8="","",INDEX(Resumo_NUTSIII!$D:$D,MATCH(B8,Resumo_NUTSIII!$A:$A,0))) -> 21.2 | F8: =IF(B8="","",INDEX(Resumo_NUTSIII!$E:$E,MATCH(B8,Resumo_NUTSIII!$A:$A,0))) -> 140 | G8: =IF(B8="","",INDEX(Resumo_NUTSIII!$F:$F,MATCH(B8,Resumo_NUTSIII!$A:$A,0))) -> 420 | H8: =IF(B8="","",INDEX(Resumo_NUTSIII!$G:$G,MATCH(B8,Resumo_NUTSIII!$A:$A,0))) -> 500 | I8: =IF(B8="","",INDEX(Resumo_NUTSIII!$H:$H,MATCH(B8,Resumo_NUTSIII!$A:$A,0))) -> 220 | J8: =IF(B8="","",INDEX(Resumo_NUTSIII!$I:$I,MATCH(B8,Resumo_NUTSIII!$A:$A,0))) -> 500 | K8: =IF(B8="","",INDEX(Resumo_NUTSIII!$J:$J,MATCH(B8,Resumo_NUTSIII!$A:$A,0))) -> 361 | L8: =IF(B8="","",INDEX(Resumo_NUTSIII!$K:$K,MATCH(B8,Resumo_NUTSIII!$A:$A,0))) -> 6.8
A9: Mira | B9: Baixo Mondego | C9: =IF(B9="","",INDEX(Resumo_NUTSIII!$B:$B,MATCH(B9,Resumo_NUTSIII!$A:$A,0))) -> 1304 | D9: =IF(B9="","",INDEX(Resumo_NUTSIII!$C:$C,MATCH(B9,Resumo_NUTSIII!$A:$A,0))) -> 9.7 | E9: =IF(B9="","",INDEX(Resumo_NUTSIII!$D:$D,MATCH(B9,Resumo_NUTSIII!$A:$A,0))) -> 20.9 | F9: =IF(B9="","",INDEX(Resumo_NUTSIII!$E:$E,MATCH(B9,Resumo_NUTSIII!$A:$A,0))) -> 140 | G9: =IF(B9="","",INDEX(Resumo_NUTSIII!$F:$F,MATCH(B9,Resumo_NUTSIII!$A:$A,0))) -> 420 | H9: =IF(B9="","",INDEX(Resumo_NUTSIII!$G:$G,MATCH(B9,Resumo_NUTSIII!$A:$A,0))) -> 495 | I9: =IF(B9="","",INDEX(Resumo_NUTSIII!$H:$H,MATCH(B9,Resumo_NUTSIII!$A:$A,0))) -> 225 | J9: =IF(B9="","",INDEX(Resumo_NUTSIII!$I:$I,MATCH(B9,Resumo_NUTSIII!$A:$A,0))) -> 495 | K9: =IF(B9="","",INDEX(Resumo_NUTSIII!$J:$J,MATCH(B9,Resumo_NUTSIII!$A:$A,0))) -> 67 | L9: =IF(B9="","",INDEX(Resumo_NUTSIII!$K:$K,MATCH(B9,Resumo_NUTSIII!$A:$A,0))) -> 6.3
A10: Miranda do Corvo | B10: Pinhal Interior Norte | C10: =IF(B10="","",INDEX(Resumo_NUTSIII!$B:$B,MATCH(B10,Resumo_NUTSIII!$A:$A,0))) -> 1555 | D10: =IF(B10="","",INDEX(Resumo_NUTSIII!$C:$C,MATCH(B10,Resumo_NUTSIII!$A:$A,0))) -> 8.3 | E10: =IF(B10="","",INDEX(Resumo_NUTSIII!$D:$D,MATCH(B10,Resumo_NUTSIII!$A:$A,0))) -> 21.2 | F10: =IF(B10="","",INDEX(Resumo_NUTSIII!$E:$E,MATCH(B10,Resumo_NUTSIII!$A:$A,0))) -> 140 | G10: =IF(B10="","",INDEX(Resumo_NUTSIII!$F:$F,MATCH(B10,Resumo_NUTSIII!$A:$A,0))) -> 420 | H10: =IF(B10="","",INDEX(Resumo_NUTSIII!$G:$G,MATCH(B10,Resumo_NUTSIII!$A:$A,0))) -> 500 | I10: =IF(B10="","",INDEX(Resumo_NUTSIII!$H:$H,MATCH(B10,Resumo_NUTSIII!$A:$A,0))) -> 220 | J10: =IF(B10="","",INDEX(Resumo_NUTSIII!$I:$I,MATCH(B10,Resumo_NUTSIII!$A:$A,0))) -> 500 | K10: =IF(B10="","",INDEX(Resumo_NUTSIII!$J:$J,MATCH(B10,Resumo_NUTSIII!$A:$A,0))) -> 361 | L10: =IF(B10="","",INDEX(Resumo_NUTSIII!$K:$K,MATCH(B10,Resumo_NUTSIII!$A:$A,0))) -> 6.8
A11: Montemor-o-Velho | B11: Baixo Mondego | C11: =IF(B11="","",INDEX(Resumo_NUTSIII!$B:$B,MATCH(B11,Resumo_NUTSIII!$A:$A,0))) -> 1304 | D11: =IF(B11="","",INDEX(Resumo_NUTSIII!$C:$C,MATCH(B11,Resumo_NUTSIII!$A:$A,0))) -> 9.7 | E11: =IF(B11="","",INDEX(Resumo_NUTSIII!$D:$D,MATCH(B11,Resumo_NUTSIII!$A:$A,0))) -> 20.9 | F11: =IF(B11="","",INDEX(Resumo_NUTSIII!$E:$E,MATCH(B11,Resumo_NUTSIII!$A:$A,0))) -> 140 | G11: =IF(B11="","",INDEX(Resumo_NUTSIII!$F:$F,MATCH(B11,Resumo_NUTSIII!$A:$A,0))) -> 420 | H11: =IF(B11="","",INDEX(Resumo_NUTSIII!$G:$G,MATCH(B11,Resumo_NUTSIII!$A:$A,0))) -> 495 | I11: =IF(B11="","",INDEX(Resumo_NUTSIII!$H:$H,MATCH(B11,Resumo_NUTSIII!$A:$A,0))) -> 225 | J11: =IF(B11="","",INDEX(Resumo_NUTSIII!$I:$I,MATCH(B11,Resumo_NUTSIII!$A:$A,0))) -> 495 | K11: =IF(B11="","",INDEX(Resumo_NUTSIII!$J:$J,MATCH(B11,Resumo_NUTSIII!$A:$A,0))) -> 67 | L11: =IF(B11="","",INDEX(Resumo_NUTSIII!$K:$K,MATCH(B11,Resumo_NUTSIII!$A:$A,0))) -> 6.3
A12: Oliveira do Hospital | B12: Pinhal Interior Norte | C12: =IF(B12="","",INDEX(Resumo_NUTSIII!$B:$B,MATCH(B12,Resumo_NUTSIII!$A:$A,0))) -> 1555 | D12: =IF(B12="","",INDEX(Resumo_NUTSIII!$C:$C,MATCH(B12,Resumo_NUTSIII!$A:$A,0))) -> 8.3 | E12: =IF(B12="","",INDEX(Resumo_NUTSIII!$D:$D,MATCH(B12,Resumo_NUTSIII!$A:$A,0))) -> 21.2 | F12: =IF(B12="","",INDEX(Resumo_NUTSIII!$E:$E,MATCH(B12,Resumo_NUTSIII!$A:$A,0))) -> 140 | G12: =IF(B12="","",INDEX(Resumo_NUTSIII!$F:$F,MATCH(B12,Resumo_NUTSIII!$A:$A,0))) -> 420 | H12: =IF(B12="","",INDEX(Resumo_NUTSIII!$G:$G,MATCH(B12,Resumo_NUTSIII!$A:$A,0))) -> 500 | I12: =IF(B12="","",INDEX(Resumo_NUTSIII!$H:$H,MATCH(B12,Resumo_NUTSIII!$A:$A,0))) -> 220 | J12: =IF(B12="","",INDEX(Resumo_NUTSIII!$I:$I,MATCH(B12,Resumo_NUTSIII!$A:$A,0))) -> 500 | K12: =IF(B12="","",INDEX(Resumo_NUTSIII!$J:$J,MATCH(B12,Resumo_NUTSIII!$A:$A,0))) -> 361 | L12: =IF(B12="","",INDEX(Resumo_NUTSIII!$K:$K,MATCH(B12,Resumo_NUTSIII!$A:$A,0))) -> 6.8
A13: Pampilhosa da Serra | B13: Pinhal Interior Norte | C13: =IF(B13="","",INDEX(Resumo_NUTSIII!$B:$B,MATCH(B13,Resumo_NUTSIII!$A:$A,0))) -> 1555 | D13: =IF(B13="","",INDEX(Resumo_NUTSIII!$C:$C,MATCH(B13,Resumo_NUTSIII!$A:$A,0))) -> 8.3 | E13: =IF(B13="","",INDEX(Resumo_NUTSIII!$D:$D,MATCH(B13,Resumo_NUTSIII!$A:$A,0))) -> 21.2 | F13: =IF(B13="","",INDEX(Resumo_NUTSIII!$E:$E,MATCH(B13,Resumo_NUTSIII!$A:$A,0))) -> 140 | G13: =IF(B13="","",INDEX(Resumo_NUTSIII!$F:$F,MATCH(B13,Resumo_NUTSIII!$A:$A,0))) -> 420 | H13: =IF(B13="","",INDEX(Resumo_NUTSIII!$G:$G,MATCH(B13,Resumo_NUTSIII!$A:$A,0))) -> 500 | I13: =IF(B13="","",INDEX(Resumo_NUTSIII!$H:$H,MATCH(B13,Resumo_NUTSIII!$A:$A,0))) -> 220 | J13: =IF(B13="","",INDEX(Resumo_NUTSIII!$I:$I,MATCH(B13,Resumo_NUTSIII!$A:$A,0))) -> 500 | K13: =IF(B13="","",INDEX(Resumo_NUTSIII!$J:$J,MATCH(B13,Resumo_NUTSIII!$A:$A,0))) -> 361 | L13: =IF(B13="","",INDEX(Resumo_NUTSIII!$K:$K,MATCH(B13,Resumo_NUTSIII!$A:$A,0))) -> 6.8
... A18: Vila Nova de Poiares | B18: Pinhal Interior Norte | C18: =IF(B18="","",INDEX(Resumo_NUTSIII!$B:$B,MATCH(B18,Resumo_NUTSIII!$A:$A,0))) -> 1555 | D18: =IF(B18="","",INDEX(Resumo_NUTSIII!$C:$C,MATCH(B18,Resumo_NUTSIII!$A:$A,0))) -> 8.3 | E18: =IF(B18="","",INDEX(Resumo_NUTSIII!$D:$D,MATCH(B18,Resumo_NUTSIII!$A:$A,0))) -> 21.2 | F18: =IF(B18="","",INDEX(Resumo_NUTSIII!$E:$E,MATCH(B18,Resumo_NUTSIII!$A:$A,0))) -> 140 | G18: =IF(B18="","",INDEX(Resumo_NUTSIII!$F:$F,MATCH(B18,Resumo_NUTSIII!$A:$A,0))) -> 420 | H18: =IF(B18="","",INDEX(Resumo_NUTSIII!$G:$G,MATCH(B18,Resumo_NUTSIII!$A:$A,0))) -> 500 | I18: =IF(B18="","",INDEX(Resumo_NUTSIII!$H:$H,MATCH(B18,Resumo_NUTSIII!$A:$A,0))) -> 220 | J18: =IF(B18="","",INDEX(Resumo_NUTSIII!$I:$I,MATCH(B18,Resumo_NUTSIII!$A:$A,0))) -> 500 | K18: =IF(B18="","",INDEX(Resumo_NUTSIII!$J:$J,MATCH(B18,Resumo_NUTSIII!$A:$A,0))) -> 361 | L18: =IF(B18="","",INDEX(Resumo_NUTSIII!$K:$K,MATCH(B18,Resumo_NUTSIII!$A:$A,0))) -> 6.8
L19: =IF(B19="","",INDEX(Resumo_NUTSIII!$K:$K,MATCH(B19,Resumo_NUTSIII!$A:$A,0)))
L20: =IF(B20="","",INDEX(Resumo_NUTSIII!$K:$K,MATCH(B20,Resumo_NUTSIII!$A:$A,0)))

Sheet Evora
A1: Concelho | B1: NUTS III | C1: GD_REF | D1: theta_inv_REF | E1: theta_ver_REF | F1: G_inv_sul_kWhm2mes | G1: G_verao_S_kWhm2mes | H1: G_verao_O_kWhm2mes | I1: G_verao_N_kWhm2mes | J1: G_verao_E_kWhm2mes | K1: z_REF_m | L1: Mref
A2: Alandroal | B2: Alentejo Central | C2: =IF(B2="","",INDEX(Resumo_NUTSIII!$B:$B,MATCH(B2,Resumo_NUTSIII!$A:$A,0))) -> 1150 | D2: =IF(B2="","",INDEX(Resumo_NUTSIII!$C:$C,MATCH(B2,Resumo_NUTSIII!$A:$A,0))) -> 10.0 | E2: =IF(B2="","",INDEX(Resumo_NUTSIII!$D:$D,MATCH(B2,Resumo_NUTSIII!$A:$A,0))) -> 24.3 | F2: =IF(B2="","",INDEX(Resumo_NUTSIII!$E:$E,MATCH(B2,Resumo_NUTSIII!$A:$A,0))) -> 150 | G2: =IF(B2="","",INDEX(Resumo_NUTSIII!$F:$F,MATCH(B2,Resumo_NUTSIII!$A:$A,0))) -> 415 | H2: =IF(B2="","",INDEX(Resumo_NUTSIII!$G:$G,MATCH(B2,Resumo_NUTSIII!$A:$A,0))) -> 510 | I2: =IF(B2="","",INDEX(Resumo_NUTSIII!$H:$H,MATCH(B2,Resumo_NUTSIII!$A:$A,0))) -> 225 | J2: =IF(B2="","",INDEX(Resumo_NUTSIII!$I:$I,MATCH(B2,Resumo_NUTSIII!$A:$A,0))) -> 510 | K2: =IF(B2="","",INDEX(Resumo_NUTSIII!$J:$J,MATCH(B2,Resumo_NUTSIII!$A:$A,0))) -> 221 | L2: =IF(B2="","",INDEX(Resumo_NUTSIII!$K:$K,MATCH(B2,Resumo_NUTSIII!$A:$A,0))) -> 5.3
A3: Arraiolos | B3: Alentejo Central | C3: =IF(B3="","",INDEX(Resumo_NUTSIII!$B:$B,MATCH(B3,Resumo_NUTSIII!$A:$A,0))) -> 1150 | D3: =IF(B3="","",INDEX(Resumo_NUTSIII!$C:$C,MATCH(B3,Resumo_NUTSIII!$A:$A,0))) -> 10.0 | E3: =IF(B3="","",INDEX(Resumo_NUTSIII!$D:$D,MATCH(B3,Resumo_NUTSIII!$A:$A,0))) -> 24.3 | F3: =IF(B3="","",INDEX(Resumo_NUTSIII!$E:$E,MATCH(B3,Resumo_NUTSIII!$A:$A,0))) -> 150 | G3: =IF(B3="","",INDEX(Resumo_NUTSIII!$F:$F,MATCH(B3,Resumo_NUTSIII!$A:$A,0))) -> 415 | H3: =IF(B3="","",INDEX(Resumo_NUTSIII!$G:$G,MATCH(B3,Resumo_NUTSIII!$A:$A,0))) -> 510 | I3: =IF(B3="","",INDEX(Resumo_NUTSIII!$H:$H,MATCH(B3,Resumo_NUTSIII!$A:$A,0))) -> 225 | J3: =IF(B3="","",INDEX(Resumo_NUTSIII!$I:$I,MATCH(B3,Resumo_NUTSIII!$A:$A,0))) -> 510 | K3: =IF(B3="","",INDEX(Resumo_NUTSIII!$J:$J,MATCH(B3,Resumo_NUTSIII!$A:$A,0))) -> 221 | L3: =IF(B3="","",INDEX(Resumo_NUTSIII!$K:$K,MATCH(B3,Resumo_NUTSIII!$A:$A,0))) -> 5.3
A4: Borba | B4: Alentejo Central | C4: =IF(B4="","",INDEX(Resumo_NUTSIII!$B:$B,MATCH(B4,Resumo_NUTSIII!$A:$A,0))) -> 1150 | D4: =IF(B4="","",INDEX(Resumo_NUTSIII!$C:$C,MATCH(B4,Resumo_NUTSIII!$A:$A,0))) -> 10.0 | E4: =IF(B4="","",INDEX(Resumo_NUTSIII!$D:$D,MATCH(B4,Resumo_NUTSIII!$A:$A,0))) -> 24.3 | F4: =IF(B4="","",INDEX(Resumo_NUTSIII!$E:$E,MATCH(B4,Resumo_NUTSIII!$A:$A,0))) -> 150 | G4: =IF(B4="","",INDEX(Resumo_NUTSIII!$F:$F,MATCH(B4,Resumo_NUTSIII!$A:$A,0))) -> 415 | H4: =IF(B4="","",INDEX(Resumo_NUTSIII!$G:$G,MATCH(B4,Resumo_NUTSIII!$A:$A,0))) -> 510 | I4: =IF(B4="","",INDEX(Resumo_NUTSIII!$H:$H,MATCH(B4,Resumo_NUTSIII!$A:$A,0))) -> 225 | J4: =IF(B4="","",INDEX(Resumo_NUTSIII!$I:$I,MATCH(B4,Resumo_NUTSIII!$A:$A,0))) -> 510 | K4: =IF(B4="","",INDEX(Resumo_NUTSIII!$J:$J,MATCH(B4,Resumo_NUTSIII!$A:$A,0))) -> 221 | L4: =IF(B4="","",INDEX(Resumo_NUTSIII!$K:$K,MATCH(B4,Resumo_NUTSIII!$A:$A,0))) -> 5.3
A5: Estremoz | B5: Alentejo Central | C5: =IF(B5="","",INDEX(Resumo_NUTSIII!$B:$B,MATCH(B5,Resumo_NUTSIII!$A:$A,0))) -> 1150 | D5: =IF(B5="","",INDEX(Resumo_NUTSIII!$C:$C,MATCH(B5,Resumo_NUTSIII!$A:$A,0))) -> 10.0 | E5: =IF(B5="","",INDEX(Resumo_NUTSIII!$D:$D,MATCH(B5,Resumo_NUTSIII!$A:$A,0))) -> 24.3 | F5: =IF(B5="","",INDEX(Resumo_NUTSIII!$E:$E,MATCH(B5,Resumo_NUTSIII!$A:$A,0))) -> 150 | G5: =IF(B5="","",INDEX(Resumo_NUTSIII!$F:$F,MATCH(B5,Resumo_NUTSIII!$A:$A,0))) -> 415 | H5: =IF(B5="","",INDEX(Resumo_NUTSIII!$G:$G,MATCH(B5,Resumo_NUTSIII!$A:$A,0))) -> 510 | I5: =IF(B5="","",INDEX(Resumo_NUTSIII!$H:$H,MATCH(B5,Resumo_NUTSIII!$A:$A,0))) -> 225 | J5: =IF(B5="","",INDEX(Resumo_NUTSIII!$I:$I,MATCH(B5,Resumo_NUTSIII!$A:$A,0))) -> 510 | K5: =IF(B5="","",INDEX(Resumo_NUTSIII!$J:$J,MATCH(B5,Resumo_NUTSIII!$A:$A,0))) -> 221 | L5: =IF(B5="","",INDEX(Resumo_NUTSIII!$K:$K,MATCH(B5,Resumo_NUTSIII!$A:$A,0))) -> 5.3
A6: Evora | B6: Alentejo Central | C6: =IF(B6="","",INDEX(Resumo_NUTSIII!$B:$B,MATCH(B6,Resumo_NUTSIII!$A:$A,0))) -> 1150 | D6: =IF(B6="","",INDEX(Resumo_NUTSIII!$C:$C,MATCH(B6,Resumo_NUTSIII!$A:$A,0))) -> 10.0 | E6: =IF(B6="","",INDEX(Resumo_NUTSIII!$D:$D,MATCH(B6,Resumo_NUTSIII!$A:$A,0))) -> 24.3 | F6: =IF(B6="","",INDEX(Resumo_NUTSIII!$E:$E,MATCH(B6,Resumo_NUTSIII!$A:$A,0))) -> 150 | G6: =IF(B6="","",INDEX(Resumo_NUTSIII!$F:$F,MATCH(B6,Resumo_NUTSIII!$A:$A,0))) -> 415 | H6: =IF(B6="","",INDEX(Resumo_NUTSIII!$G:$G,MATCH(B6,Resumo_NUTSIII!$A:$A,0))) -> 510 | I6: =IF(B6="","",INDEX(Resumo_NUTSIII!$H:$H,MATCH(B6,Resumo_NUTSIII!$A:$A,0))) -> 225 | J6: =IF(B6="","",INDEX(Resumo_NUTSIII!$I:$I,MATCH(B6,Resumo_NUTSIII!$A:$A,0))) -> 510 | K6: =IF(B6="","",INDEX(Resumo_NUTSIII!$J:$J,MATCH(B6,Resumo_NUTSIII!$A:$A,0))) -> 221 | L6: =IF(B6="","",INDEX(Resumo_NUTSIII!$K:$K,MATCH(B6,Resumo_NUTSIII!$A:$A,0))) -> 5.3
A7: Montemor-o-Novo | B7: Alentejo Central | C7: =IF(B7="","",INDEX(Resumo_NUTSIII!$B:$B,MATCH(B7,Resumo_NUTSIII!$A:$A,0))) -> 1150 | D7: =IF(B7="","",INDEX(Resumo_NUTSIII!$C:$C,MATCH(B7,Resumo_NUTSIII!$A:$A,0))) -> 10.0 | E7: =IF(B7="","",INDEX(Resumo_NUTSIII!$D:$D,MATCH(B7,Resumo_NUTSIII!$A:$A,0))) -> 24.3 | F7: =IF(B7="","",INDEX(Resumo_NUTSIII!$E:$E,MATCH(B7,Resumo_NUTSIII!$A:$A,0))) -> 150 | G7: =IF(B7="","",INDEX(Resumo_NUTSIII!$F:$F,MATCH(B7,Resumo_NUTSIII!$A:$A,0))) -> 415 | H7: =IF(B7="","",INDEX(Resumo_NUTSIII!$G:$G,MATCH(B7,Resumo_NUTSIII!$A:$A,0))) -> 510 | I7: =IF(B7="","",INDEX(Resumo_NUTSIII!$H:$H,MATCH(B7,Resumo_NUTSIII!$A:$A,0))) -> 225 | J7: =IF(B7="","",INDEX(Resumo_NUTSIII!$I:$I,MATCH(B7,Resumo_NUTSIII!$A:$A,0))) -> 510 | K7: =IF(B7="","",INDEX(Resumo_NUTSIII!$J:$J,MATCH(B7,Resumo_NUTSIII!$A:$A,0))) -> 221 | L7: =IF(B7="","",INDEX(Resumo_NUTSIII!$K:$K,MATCH(B7,Resumo_NUTSIII!$A:$A,0))) -> 5.3
A8: Mora | B8: Alentejo Central | C8: =IF(B8="","",INDEX(Resumo_NUTSIII!$B:$B,MATCH(B8,Resumo_NUTSIII!$A:$A,0))) -> 1150 | D8: =IF(B8="","",INDEX(Resumo_NUTSIII!$C:$C,MATCH(B8,Resumo_NUTSIII!$A:$A,0))) -> 10.0 | E8: =IF(B8="","",INDEX(Resumo_NUTSIII!$D:$D,MATCH(B8,Resumo_NUTSIII!$A:$A,0))) -> 24.3 | F8: =IF(B8="","",INDEX(Resumo_NUTSIII!$E:$E,MATCH(B8,Resumo_NUTSIII!$A:$A,0))) -> 150 | G8: =IF(B8="","",INDEX(Resumo_NUTSIII!$F:$F,MATCH(B8,Resumo_NUTSIII!$A:$A,0))) -> 415 | H8: =IF(B8="","",INDEX(Resumo_NUTSIII!$G:$G,MATCH(B8,Resumo_NUTSIII!$A:$A,0))) -> 510 | I8: =IF(B8="","",INDEX(Resumo_NUTSIII!$H:$H,MATCH(B8,Resumo_NUTSIII!$A:$A,0))) -> 225 | J8: =IF(B8="","",INDEX(Resumo_NUTSIII!$I:$I,MATCH(B8,Resumo_NUTSIII!$A:$A,0))) -> 510 | K8: =IF(B8="","",INDEX(Resumo_NUTSIII!$J:$J,MATCH(B8,Resumo_NUTSIII!$A:$A,0))) -> 221 | L8: =IF(B8="","",INDEX(Resumo_NUTSIII!$K:$K,MATCH(B8,Resumo_NUTSIII!$A:$A,0))) -> 5.3
A9: Mourao | B9: Alentejo Central | C9: =IF(B9="","",INDEX(Resumo_NUTSIII!$B:$B,MATCH(B9,Resumo_NUTSIII!$A:$A,0))) -> 1150 | D9: =IF(B9="","",INDEX(Resumo_NUTSIII!$C:$C,MATCH(B9,Resumo_NUTSIII!$A:$A,0))) -> 10.0 | E9: =IF(B9="","",INDEX(Resumo_NUTSIII!$D:$D,MATCH(B9,Resumo_NUTSIII!$A:$A,0))) -> 24.3 | F9: =IF(B9="","",INDEX(Resumo_NUTSIII!$E:$E,MATCH(B9,Resumo_NUTSIII!$A:$A,0))) -> 150 | G9: =IF(B9="","",INDEX(Resumo_NUTSIII!$F:$F,MATCH(B9,Resumo_NUTSIII!$A:$A,0))) -> 415 | H9: =IF(B9="","",INDEX(Resumo_NUTSIII!$G:$G,MATCH(B9,Resumo_NUTSIII!$A:$A,0))) -> 510 | I9: =IF(B9="","",INDEX(Resumo_NUTSIII!$H:$H,MATCH(B9,Resumo_NUTSIII!$A:$A,0))) -> 225 | J9: =IF(B9="","",INDEX(Resumo_NUTSIII!$I:$I,MATCH(B9,Resumo_NUTSIII!$A:$A,0))) -> 510 | K9: =IF(B9="","",INDEX(Resumo_NUTSIII!$J:$J,MATCH(B9,Resumo_NUTSIII!$A:$A,0))) -> 221 | L9: =IF(B9="","",INDEX(Resumo_NUTSIII!$K:$K,MATCH(B9,Resumo_NUTSIII!$A:$A,0))) -> 5.3
A10: Portel | B10: Alentejo Central | C10: =IF(B10="","",INDEX(Resumo_NUTSIII!$B:$B,MATCH(B10,Resumo_NUTSIII!$A:$A,0))) -> 1150 | D10: =IF(B10="","",INDEX(Resumo_NUTSIII!$C:$C,MATCH(B10,Resumo_NUTSIII!$A:$A,0))) -> 10.0 | E10: =IF(B10="","",INDEX(Resumo_NUTSIII!$D:$D,MATCH(B10,Resumo_NUTSIII!$A:$A,0))) -> 24.3 | F10: =IF(B10="","",INDEX(Resumo_NUTSIII!$E:$E,MATCH(B10,Resumo_NUTSIII!$A:$A,0))) -> 150 | G10: =IF(B10="","",INDEX(Resumo_NUTSIII!$F:$F,MATCH(B10,Resumo_NUTSIII!$A:$A,0))) -> 415 | H10: =IF(B10="","",INDEX(Resumo_NUTSIII!$G:$G,MATCH(B10,Resumo_NUTSIII!$A:$A,0))) -> 510 | I10: =IF(B10="","",INDEX(Resumo_NUTSIII!$H:$H,MATCH(B10,Resumo_NUTSIII!$A:$A,0))) -> 225 | J10: =IF(B10="","",INDEX(Resumo_NUTSIII!$I:$I,MATCH(B10,Resumo_NUTSIII!$A:$A,0))) -> 510 | K10: =IF(B10="","",INDEX(Resumo_NUTSIII!$J:$J,MATCH(B10,Resumo_NUTSIII!$A:$A,0))) -> 221 | L10: =IF(B10="","",INDEX(Resumo_NUTSIII!$K:$K,MATCH(B10,Resumo_NUTSIII!$A:$A,0))) -> 5.3
A11: Redondo | B11: Alentejo Central | C11: =IF(B11="","",INDEX(Resumo_NUTSIII!$B:$B,MATCH(B11,Resumo_NUTSIII!$A:$A,0))) -> 1150 | D11: =IF(B11="","",INDEX(Resumo_NUTSIII!$C:$C,MATCH(B11,Resumo_NUTSIII!$A:$A,0))) -> 10.0 | E11: =IF(B11="","",INDEX(Resumo_NUTSIII!$D:$D,MATCH(B11,Resumo_NUTSIII!$A:$A,0))) -> 24.3 | F11: =IF(B11="","",INDEX(Resumo_NUTSIII!$E:$E,MATCH(B11,Resumo_NUTSIII!$A:$A,0))) -> 150 | G11: =IF(B11="","",INDEX(Resumo_NUTSIII!$F:$F,MATCH(B11,Resumo_NUTSIII!$A:$A,0))) -> 415 | H11: =IF(B11="","",INDEX(Resumo_NUTSIII!$G:$G,MATCH(B11,Resumo_NUTSIII!$A:$A,0))) -> 510 | I11: =IF(B11="","",INDEX(Resumo_NUTSIII!$H:$H,MATCH(B11,Resumo_NUTSIII!$A:$A,0))) -> 225 | J11: =IF(B11="","",INDEX(Resumo_NUTSIII!$I:$I,MATCH(B11,Resumo_NUTSIII!$A:$A,0))) -> 510 | K11: =IF(B11="","",INDEX(Resumo_NUTSIII!$J:$J,MATCH(B11,Resumo_NUTSIII!$A:$A,0))) -> 221 | L11: =IF(B11="","",INDEX(Resumo_NUTSIII!$K:$K,MATCH(B11,Resumo_NUTSIII!$A:$A,0))) -> 5.3
A12: Reguengos de Monsaraz | B12: Alentejo Central | C12: =IF(B12="","",INDEX(Resumo_NUTSIII!$B:$B,MATCH(B12,Resumo_NUTSIII!$A:$A,0))) -> 1150 | D12: =IF(B12="","",INDEX(Resumo_NUTSIII!$C:$C,MATCH(B12,Resumo_NUTSIII!$A:$A,0))) -> 10.0 | E12: =IF(B12="","",INDEX(Resumo_NUTSIII!$D:$D,MATCH(B12,Resumo_NUTSIII!$A:$A,0))) -> 24.3 | F12: =IF(B12="","",INDEX(Resumo_NUTSIII!$E:$E,MATCH(B12,Resumo_NUTSIII!$A:$A,0))) -> 150 | G12: =IF(B12="","",INDEX(Resumo_NUTSIII!$F:$F,MATCH(B12,Resumo_NUTSIII!$A:$A,0))) -> 415 | H12: =IF(B12="","",INDEX(Resumo_NUTSIII!$G:$G,MATCH(B12,Resumo_NUTSIII!$A:$A,0))) -> 510 | I12: =IF(B12="","",INDEX(Resumo_NUTSIII!$H:$H,MATCH(B12,Resumo_NUTSIII!$A:$A,0))) -> 225 | J12: =IF(B12="","",INDEX(Resumo_NUTSIII!$I:$I,MATCH(B12,Resumo_NUTSIII!$A:$A,0))) -> 510 | K12: =IF(B12="","",INDEX(Resumo_NUTSIII!$J:$J,MATCH(B12,Resumo_NUTSIII!$A:$A,0))) -> 221 | L12: =IF(B12="","",INDEX(Resumo_NUTSIII!$K:$K,MATCH(B12,Resumo_NUTSIII!$A:$A,0))) -> 5.3
A13: Vendas Novas | B13: Alentejo Central | C13: =IF(B13="","",INDEX(Resumo_NUTSIII!$B:$B,MATCH(B13,Resumo_NUTSIII!$A:$A,0))) -> 1150 | D13: =IF(B13="","",INDEX(Resumo_NUTSIII!$C:$C,MATCH(B13,Resumo_NUTSIII!$A:$A,0))) -> 10.0 | E13: =IF(B13="","",INDEX(Resumo_NUTSIII!$D:$D,MATCH(B13,Resumo_NUTSIII!$A:$A,0))) -> 24.3 | F13: =IF(B13="","",INDEX(Resumo_NUTSIII!$E:$E,MATCH(B13,Resumo_NUTSIII!$A:$A,0))) -> 150 | G13: =IF(B13="","",INDEX(Resumo_NUTSIII!$F:$F,MATCH(B13,Resumo_NUTSIII!$A:$A,0))) -> 415 | H13: =IF(B13="","",INDEX(Resumo_NUTSIII!$G:$G,MATCH(B13,Resumo_NUTSIII!$A:$A,0))) -> 510 | I13: =IF(B13="","",INDEX(Resumo_NUTSIII!$H:$H,MATCH(B13,Resumo_NUTSIII!$A:$A,0))) -> 225 | J13: =IF(B13="","",INDEX(Resumo_NUTSIII!$I:$I,MATCH(B13,Resumo_NUTSIII!$A:$A,0))) -> 510 | K13: =IF(B13="","",INDEX(Resumo_NUTSIII!$J:$J,MATCH(B13,Resumo_NUTSIII!$A:$A,0))) -> 221 | L13: =IF(B13="","",INDEX(Resumo_NUTSIII!$K:$K,MATCH(B13,Resumo_NUTSIII!$A:$A,0))) -> 5.3
... A15: Vila Vicosa | B15: Alentejo Central | C15: =IF(B15="","",INDEX(Resumo_NUTSIII!$B:$B,MATCH(B15,Resumo_NUTSIII!$A:$A,0))) -> 1150 | D15: =IF(B15="","",INDEX(Resumo_NUTSIII!$C:$C,MATCH(B15,Resumo_NUTSIII!$A:$A,0))) -> 10.0 | E15: =IF(B15="","",INDEX(Resumo_NUTSIII!$D:$D,MATCH(B15,Resumo_NUTSIII!$A:$A,0))) -> 24.3 | F15: =IF(B15="","",INDEX(Resumo_NUTSIII!$E:$E,MATCH(B15,Resumo_NUTSIII!$A:$A,0))) -> 150 | G15: =IF(B15="","",INDEX(Resumo_NUTSIII!$F:$F,MATCH(B15,Resumo_NUTSIII!$A:$A,0))) -> 415 | H15: =IF(B15="","",INDEX(Resumo_NUTSIII!$G:$G,MATCH(B15,Resumo_NUTSIII!$A:$A,0))) -> 510 | I15: =IF(B15="","",INDEX(Resumo_NUTSIII!$H:$H,MATCH(B15,Resumo_NUTSIII!$A:$A,0))) -> 225 | J15: =IF(B15="","",INDEX(Resumo_NUTSIII!$I:$I,MATCH(B15,Resumo_NUTSIII!$A:$A,0))) -> 510 | K15: =IF(B15="","",INDEX(Resumo_NUTSIII!$J:$J,MATCH(B15,Resumo_NUTSIII!$A:$A,0))) -> 221 | L15: =IF(B15="","",INDEX(Resumo_NUTSIII!$K:$K,MATCH(B15,Resumo_NUTSIII!$A:$A,0))) -> 5.3
L16: =IF(B16="","",INDEX(Resumo_NUTSIII!$K:$K,MATCH(B16,Resumo_NUTSIII!$A:$A,0)))
L17: =IF(B17="","",INDEX(Resumo_NUTSIII!$K:$K,MATCH(B17,Resumo_NUTSIII!$A:$A,0)))
L18: =IF(B18="","",INDEX(Resumo_NUTSIII!$K:$K,MATCH(B18,Resumo_NUTSIII!$A:$A,0)))
L19: =IF(B19="","",INDEX(Resumo_NUTSIII!$K:$K,MATCH(B19,Resumo_NUTSIII!$A:$A,0)))
L20: =IF(B20="","",INDEX(Resumo_NUTSIII!$K:$K,MATCH(B20,Resumo_NUTSIII!$A:$A,0)))

Sheet Guarda
A1: Concelho | B1: NUTS III | C1: GD_REF | D1: theta_inv_REF | E1: theta_ver_REF | F1: G_inv_sul_kWhm2mes | G1: G_verao_S_kWhm2mes | H1: G_verao_O_kWhm2mes | I1: G_verao_N_kWhm2mes | J1: G_verao_E_kWhm2mes | K1: z_REF_m | L1: Mref
A2: Aguiar da Beira | B2: Dao-Lafoes | C2: =IF(B2="","",INDEX(Resumo_NUTSIII!$B:$B,MATCH(B2,Resumo_NUTSIII!$A:$A,0))) -> 1702 | D2: =IF(B2="","",INDEX(Resumo_NUTSIII!$C:$C,MATCH(B2,Resumo_NUTSIII!$A:$A,0))) -> 7.5 | E2: =IF(B2="","",INDEX(Resumo_NUTSIII!$D:$D,MATCH(B2,Resumo_NUTSIII!$A:$A,0))) -> 21.2 | F2: =IF(B2="","",INDEX(Resumo_NUTSIII!$E:$E,MATCH(B2,Resumo_NUTSIII!$A:$A,0))) -> 135 | G2: =IF(B2="","",INDEX(Resumo_NUTSIII!$F:$F,MATCH(B2,Resumo_NUTSIII!$A:$A,0))) -> 415 | H2: =IF(B2="","",INDEX(Resumo_NUTSIII!$G:$G,MATCH(B2,Resumo_NUTSIII!$A:$A,0))) -> 495 | I2: =IF(B2="","",INDEX(Resumo_NUTSIII!$H:$H,MATCH(B2,Resumo_NUTSIII!$A:$A,0))) -> 220 | J2: =IF(B2="","",INDEX(Resumo_NUTSIII!$I:$I,MATCH(B2,Resumo_NUTSIII!$A:$A,0))) -> 495 | K2: =IF(B2="","",INDEX(Resumo_NUTSIII!$J:$J,MATCH(B2,Resumo_NUTSIII!$A:$A,0))) -> 497 | L2: =IF(B2="","",INDEX(Resumo_NUTSIII!$K:$K,MATCH(B2,Resumo_NUTSIII!$A:$A,0))) -> 7.3
A3: Almeida | B3: Beira Interior Norte | C3: =IF(B3="","",INDEX(Resumo_NUTSIII!$B:$B,MATCH(B3,Resumo_NUTSIII!$A:$A,0))) -> 1924 | D3: =IF(B3="","",INDEX(Resumo_NUTSIII!$C:$C,MATCH(B3,Resumo_NUTSIII!$A:$A,0))) -> 6.3 | E3: =IF(B3="","",INDEX(Resumo_NUTSIII!$D:$D,MATCH(B3,Resumo_NUTSIII!$A:$A,0))) -> 21.7 | F3: =IF(B3="","",INDEX(Resumo_NUTSIII!$E:$E,MATCH(B3,Resumo_NUTSIII!$A:$A,0))) -> 135 | G3: =IF(B3="","",INDEX(Resumo_NUTSIII!$F:$F,MATCH(B3,Resumo_NUTSIII!$A:$A,0))) -> 425 | H3: =IF(B3="","",INDEX(Resumo_NUTSIII!$G:$G,MATCH(B3,Resumo_NUTSIII!$A:$A,0))) -> 495 | I3: =IF(B3="","",INDEX(Resumo_NUTSIII!$H:$H,MATCH(B3,Resumo_NUTSIII!$A:$A,0))) -> 220 | J3: =IF(B3="","",INDEX(Resumo_NUTSIII!$I:$I,MATCH(B3,Resumo_NUTSIII!$A:$A,0))) -> 495 | K3: =IF(B3="","",INDEX(Resumo_NUTSIII!$J:$J,MATCH(B3,Resumo_NUTSIII!$A:$A,0))) -> 717 | L3: =IF(B3="","",INDEX(Resumo_NUTSIII!$K:$K,MATCH(B3,Resumo_NUTSIII!$A:$A,0))) -> 7.5
A4: Celorico da Beira | B4: Beira Interior Norte | C4: =IF(B4="","",INDEX(Resumo_NUTSIII!$B:$B,MATCH(B4,Resumo_NUTSIII!$A:$A,0))) -> 1924 | D4: =IF(B4="","",INDEX(Resumo_NUTSIII!$C:$C,MATCH(B4,Resumo_NUTSIII!$A:$A,0))) -> 6.3 | E4: =IF(B4="","",INDEX(Resumo_NUTSIII!$D:$D,MATCH(B4,Resumo_NUTSIII!$A:$A,0))) -> 21.7 | F4: =IF(B4="","",INDEX(Resumo_NUTSIII!$E:$E,MATCH(B4,Resumo_NUTSIII!$A:$A,0))) -> 135 | G4: =IF(B4="","",INDEX(Resumo_NUTSIII!$F:$F,MATCH(B4,Resumo_NUTSIII!$A:$A,0))) -> 425 | H4: =IF(B4="","",INDEX(Resumo_NUTSIII!$G:$G,MATCH(B4,Resumo_NUTSIII!$A:$A,0))) -> 495 | I4: =IF(B4="","",INDEX(Resumo_NUTSIII!$H:$H,MATCH(B4,Resumo_NUTSIII!$A:$A,0))) -> 220 | J4: =IF(B4="","",INDEX(Resumo_NUTSIII!$I:$I,MATCH(B4,Resumo_NUTSIII!$A:$A,0))) -> 495 | K4: =IF(B4="","",INDEX(Resumo_NUTSIII!$J:$J,MATCH(B4,Resumo_NUTSIII!$A:$A,0))) -> 717 | L4: =IF(B4="","",INDEX(Resumo_NUTSIII!$K:$K,MATCH(B4,Resumo_NUTSIII!$A:$A,0))) -> 7.5
A5: Figueira de Castelo Rodrigo | B5: Beira Interior Norte | C5: =IF(B5="","",INDEX(Resumo_NUTSIII!$B:$B,MATCH(B5,Resumo_NUTSIII!$A:$A,0))) -> 1924 | D5: =IF(B5="","",INDEX(Resumo_NUTSIII!$C:$C,MATCH(B5,Resumo_NUTSIII!$A:$A,0))) -> 6.3 | E5: =IF(B5="","",INDEX(Resumo_NUTSIII!$D:$D,MATCH(B5,Resumo_NUTSIII!$A:$A,0))) -> 21.7 | F5: =IF(B5="","",INDEX(Resumo_NUTSIII!$E:$E,MATCH(B5,Resumo_NUTSIII!$A:$A,0))) -> 135 | G5: =IF(B5="","",INDEX(Resumo_NUTSIII!$F:$F,MATCH(B5,Resumo_NUTSIII!$A:$A,0))) -> 425 | H5: =IF(B5="","",INDEX(Resumo_NUTSIII!$G:$G,MATCH(B5,Resumo_NUTSIII!$A:$A,0))) -> 495 | I5: =IF(B5="","",INDEX(Resumo_NUTSIII!$H:$H,MATCH(B5,Resumo_NUTSIII!$A:$A,0))) -> 220 | J5: =IF(B5="","",INDEX(Resumo_NUTSIII!$I:$I,MATCH(B5,Resumo_NUTSIII!$A:$A,0))) -> 495 | K5: =IF(B5="","",INDEX(Resumo_NUTSIII!$J:$J,MATCH(B5,Resumo_NUTSIII!$A:$A,0))) -> 717 | L5: =IF(B5="","",INDEX(Resumo_NUTSIII!$K:$K,MATCH(B5,Resumo_NUTSIII!$A:$A,0))) -> 7.5
A6: Fornos de Algodres | B6: Serra da Estrela | C6: =IF(B6="","",INDEX(Resumo_NUTSIII!$B:$B,MATCH(B6,Resumo_NUTSIII!$A:$A,0))) -> 1851 | D6: =IF(B6="","",INDEX(Resumo_NUTSIII!$C:$C,MATCH(B6,Resumo_NUTSIII!$A:$A,0))) -> 7.0 | E6: =IF(B6="","",INDEX(Resumo_NUTSIII!$D:$D,MATCH(B6,Resumo_NUTSIII!$A:$A,0))) -> 21.0 | F6: =IF(B6="","",INDEX(Resumo_NUTSIII!$E:$E,MATCH(B6,Resumo_NUTSIII!$A:$A,0))) -> 135 | G6: =IF(B6="","",INDEX(Resumo_NUTSIII!$F:$F,MATCH(B6,Resumo_NUTSIII!$A:$A,0))) -> 420 | H6: =IF(B6="","",INDEX(Resumo_NUTSIII!$G:$G,MATCH(B6,Resumo_NUTSIII!$A:$A,0))) -> 495 | I6: =IF(B6="","",INDEX(Resumo_NUTSIII!$H:$H,MATCH(B6,Resumo_NUTSIII!$A:$A,0))) -> 225 | J6: =IF(B6="","",INDEX(Resumo_NUTSIII!$I:$I,MATCH(B6,Resumo_NUTSIII!$A:$A,0))) -> 495 | K6: =IF(B6="","",INDEX(Resumo_NUTSIII!$J:$J,MATCH(B6,Resumo_NUTSIII!$A:$A,0))) -> 553 | L6: =IF(B6="","",INDEX(Resumo_NUTSIII!$K:$K,MATCH(B6,Resumo_NUTSIII!$A:$A,0))) -> 7.5
A7: Gouveia | B7: Serra da Estrela | C7: =IF(B7="","",INDEX(Resumo_NUTSIII!$B:$B,MATCH(B7,Resumo_NUTSIII!$A:$A,0))) -> 1851 | D7: =IF(B7="","",INDEX(Resumo_NUTSIII!$C:$C,MATCH(B7,Resumo_NUTSIII!$A:$A,0))) -> 7.0 | E7: =IF(B7="","",INDEX(Resumo_NUTSIII!$D:$D,MATCH(B7,Resumo_NUTSIII!$A:$A,0))) -> 21.0 | F7: =IF(B7="","",INDEX(Resumo_NUTSIII!$E:$E,MATCH(B7,Resumo_NUTSIII!$A:$A,0))) -> 135 | G7: =IF(B7="","",INDEX(Resumo_NUTSIII!$F:$F,MATCH(B7,Resumo_NUTSIII!$A:$A,0))) -> 420 | H7: =IF(B7="","",INDEX(Resumo_NUTSIII!$G:$G,MATCH(B7,Resumo_NUTSIII!$A:$A,0))) -> 495 | I7: =IF(B7="","",INDEX(Resumo_NUTSIII!$H:$H,MATCH(B7,Resumo_NUTSIII!$A:$A,0))) -> 225 | J7: =IF(B7="","",INDEX(Resumo_NUTSIII!$I:$I,MATCH(B7,Resumo_NUTSIII!$A:$A,0))) -> 495 | K7: =IF(B7="","",INDEX(Resumo_NUTSIII!$J:$J,MATCH(B7,Resumo_NUTSIII!$A:$A,0))) -> 553 | L7: =IF(B7="","",INDEX(Resumo_NUTSIII!$K:$K,MATCH(B7,Resumo_NUTSIII!$A:$A,0))) -> 7.5
A8: Guarda | B8: Beira Interior Norte | C8: =IF(B8="","",INDEX(Resumo_NUTSIII!$B:$B,MATCH(B8,Resumo_NUTSIII!$A:$A,0))) -> 1924 | D8: =IF(B8="","",INDEX(Resumo_NUTSIII!$C:$C,MATCH(B8,Resumo_NUTSIII!$A:$A,0))) -> 6.3 | E8: =IF(B8="","",INDEX(Resumo_NUTSIII!$D:$D,MATCH(B8,Resumo_NUTSIII!$A:$A,0))) -> 21.7 | F8: =IF(B8="","",INDEX(Resumo_NUTSIII!$E:$E,MATCH(B8,Resumo_NUTSIII!$A:$A,0))) -> 135 | G8: =IF(B8="","",INDEX(Resumo_NUTSIII!$F:$F,MATCH(B8,Resumo_NUTSIII!$A:$A,0))) -> 425 | H8: =IF(B8="","",INDEX(Resumo_NUTSIII!$G:$G,MATCH(B8,Resumo_NUTSIII!$A:$A,0))) -> 495 | I8: =IF(B8="","",INDEX(Resumo_NUTSIII!$H:$H,MATCH(B8,Resumo_NUTSIII!$A:$A,0))) -> 220 | J8: =IF(B8="","",INDEX(Resumo_NUTSIII!$I:$I,MATCH(B8,Resumo_NUTSIII!$A:$A,0))) -> 495 | K8: =IF(B8="","",INDEX(Resumo_NUTSIII!$J:$J,MATCH(B8,Resumo_NUTSIII!$A:$A,0))) -> 717 | L8: =IF(B8="","",INDEX(Resumo_NUTSIII!$K:$K,MATCH(B8,Resumo_NUTSIII!$A:$A,0))) -> 7.5
A9: Manteigas | B9: Serra da Estrela | C9: =IF(B9="","",INDEX(Resumo_NUTSIII!$B:$B,MATCH(B9,Resumo_NUTSIII!$A:$A,0))) -> 1851 | D9: =IF(B9="","",INDEX(Resumo_NUTSIII!$C:$C,MATCH(B9,Resumo_NUTSIII!$A:$A,0))) -> 7.0 | E9: =IF(B9="","",INDEX(Resumo_NUTSIII!$D:$D,MATCH(B9,Resumo_NUTSIII!$A:$A,0))) -> 21.0 | F9: =IF(B9="","",INDEX(Resumo_NUTSIII!$E:$E,MATCH(B9,Resumo_NUTSIII!$A:$A,0))) -> 135 | G9: =IF(B9="","",INDEX(Resumo_NUTSIII!$F:$F,MATCH(B9,Resumo_NUTSIII!$A:$A,0))) -> 420 | H9: =IF(B9="","",INDEX(Resumo_NUTSIII!$G:$G,MATCH(B9,Resumo_NUTSIII!$A:$A,0))) -> 495 | I9: =IF(B9="","",INDEX(Resumo_NUTSIII!$H:$H,MATCH(B9,Resumo_NUTSIII!$A:$A,0))) -> 225 | J9: =IF(B9="","",INDEX(Resumo_NUTSIII!$I:$I,MATCH(B9,Resumo_NUTSIII!$A:$A,0))) -> 495 | K9: =IF(B9="","",INDEX(Resumo_NUTSIII!$J:$J,MATCH(B9,Resumo_NUTSIII!$A:$A,0))) -> 553 | L9: =IF(B9="","",INDEX(Resumo_NUTSIII!$K:$K,MATCH(B9,Resumo_NUTSIII!$A:$A,0))) -> 7.5
A10: Mêda | B10: Beira Interior Norte | C10: =IF(B10="","",INDEX(Resumo_NUTSIII!$B:$B,MATCH(B10,Resumo_NUTSIII!$A:$A,0))) -> 1924 | D10: =IF(B10="","",INDEX(Resumo_NUTSIII!$C:$C,MATCH(B10,Resumo_NUTSIII!$A:$A,0))) -> 6.3 | E10: =IF(B10="","",INDEX(Resumo_NUTSIII!$D:$D,MATCH(B10,Resumo_NUTSIII!$A:$A,0))) -> 21.7 | F10: =IF(B10="","",INDEX(Resumo_NUTSIII!$E:$E,MATCH(B10,Resumo_NUTSIII!$A:$A,0))) -> 135 | G10: =IF(B10="","",INDEX(Resumo_NUTSIII!$F:$F,MATCH(B10,Resumo_NUTSIII!$A:$A,0))) -> 425 | H10: =IF(B10="","",INDEX(Resumo_NUTSIII!$G:$G,MATCH(B10,Resumo_NUTSIII!$A:$A,0))) -> 495 | I10: =IF(B10="","",INDEX(Resumo_NUTSIII!$H:$H,MATCH(B10,Resumo_NUTSIII!$A:$A,0))) -> 220 | J10: =IF(B10="","",INDEX(Resumo_NUTSIII!$I:$I,MATCH(B10,Resumo_NUTSIII!$A:$A,0))) -> 495 | K10: =IF(B10="","",INDEX(Resumo_NUTSIII!$J:$J,MATCH(B10,Resumo_NUTSIII!$A:$A,0))) -> 717 | L10: =IF(B10="","",INDEX(Resumo_NUTSIII!$K:$K,MATCH(B10,Resumo_NUTSIII!$A:$A,0))) -> 7.5
A11: Pinhel | B11: Beira Interior Norte | C11: =IF(B11="","",INDEX(Resumo_NUTSIII!$B:$B,MATCH(B11,Resumo_NUTSIII!$A:$A,0))) -> 1924 | D11: =IF(B11="","",INDEX(Resumo_NUTSIII!$C:$C,MATCH(B11,Resumo_NUTSIII!$A:$A,0))) -> 6.3 | E11: =IF(B11="","",INDEX(Resumo_NUTSIII!$D:$D,MATCH(B11,Resumo_NUTSIII!$A:$A,0))) -> 21.7 | F11: =IF(B11="","",INDEX(Resumo_NUTSIII!$E:$E,MATCH(B11,Resumo_NUTSIII!$A:$A,0))) -> 135 | G11: =IF(B11="","",INDEX(Resumo_NUTSIII!$F:$F,MATCH(B11,Resumo_NUTSIII!$A:$A,0))) -> 425 | H11: =IF(B11="","",INDEX(Resumo_NUTSIII!$G:$G,MATCH(B11,Resumo_NUTSIII!$A:$A,0))) -> 495 | I11: =IF(B11="","",INDEX(Resumo_NUTSIII!$H:$H,MATCH(B11,Resumo_NUTSIII!$A:$A,0))) -> 220 | J11: =IF(B11="","",INDEX(Resumo_NUTSIII!$I:$I,MATCH(B11,Resumo_NUTSIII!$A:$A,0))) -> 495 | K11: =IF(B11="","",INDEX(Resumo_NUTSIII!$J:$J,MATCH(B11,Resumo_NUTSIII!$A:$A,0))) -> 717 | L11: =IF(B11="","",INDEX(Resumo_NUTSIII!$K:$K,MATCH(B11,Resumo_NUTSIII!$A:$A,0))) -> 7.5
A12: Sabugal | B12: Beira Interior Norte | C12: =IF(B12="","",INDEX(Resumo_NUTSIII!$B:$B,MATCH(B12,Resumo_NUTSIII!$A:$A,0))) -> 1924 | D12: =IF(B12="","",INDEX(Resumo_NUTSIII!$C:$C,MATCH(B12,Resumo_NUTSIII!$A:$A,0))) -> 6.3 | E12: =IF(B12="","",INDEX(Resumo_NUTSIII!$D:$D,MATCH(B12,Resumo_NUTSIII!$A:$A,0))) -> 21.7 | F12: =IF(B12="","",INDEX(Resumo_NUTSIII!$E:$E,MATCH(B12,Resumo_NUTSIII!$A:$A,0))) -> 135 | G12: =IF(B12="","",INDEX(Resumo_NUTSIII!$F:$F,MATCH(B12,Resumo_NUTSIII!$A:$A,0))) -> 425 | H12: =IF(B12="","",INDEX(Resumo_NUTSIII!$G:$G,MATCH(B12,Resumo_NUTSIII!$A:$A,0))) -> 495 | I12: =IF(B12="","",INDEX(Resumo_NUTSIII!$H:$H,MATCH(B12,Resumo_NUTSIII!$A:$A,0))) -> 220 | J12: =IF(B12="","",INDEX(Resumo_NUTSIII!$I:$I,MATCH(B12,Resumo_NUTSIII!$A:$A,0))) -> 495 | K12: =IF(B12="","",INDEX(Resumo_NUTSIII!$J:$J,MATCH(B12,Resumo_NUTSIII!$A:$A,0))) -> 717 | L12: =IF(B12="","",INDEX(Resumo_NUTSIII!$K:$K,MATCH(B12,Resumo_NUTSIII!$A:$A,0))) -> 7.5
A13: Seia | B13: Serra da Estrela | C13: =IF(B13="","",INDEX(Resumo_NUTSIII!$B:$B,MATCH(B13,Resumo_NUTSIII!$A:$A,0))) -> 1851 | D13: =IF(B13="","",INDEX(Resumo_NUTSIII!$C:$C,MATCH(B13,Resumo_NUTSIII!$A:$A,0))) -> 7.0 | E13: =IF(B13="","",INDEX(Resumo_NUTSIII!$D:$D,MATCH(B13,Resumo_NUTSIII!$A:$A,0))) -> 21.0 | F13: =IF(B13="","",INDEX(Resumo_NUTSIII!$E:$E,MATCH(B13,Resumo_NUTSIII!$A:$A,0))) -> 135 | G13: =IF(B13="","",INDEX(Resumo_NUTSIII!$F:$F,MATCH(B13,Resumo_NUTSIII!$A:$A,0))) -> 420 | H13: =IF(B13="","",INDEX(Resumo_NUTSIII!$G:$G,MATCH(B13,Resumo_NUTSIII!$A:$A,0))) -> 495 | I13: =IF(B13="","",INDEX(Resumo_NUTSIII!$H:$H,MATCH(B13,Resumo_NUTSIII!$A:$A,0))) -> 225 | J13: =IF(B13="","",INDEX(Resumo_NUTSIII!$I:$I,MATCH(B13,Resumo_NUTSIII!$A:$A,0))) -> 495 | K13: =IF(B13="","",INDEX(Resumo_NUTSIII!$J:$J,MATCH(B13,Resumo_NUTSIII!$A:$A,0))) -> 553 | L13: =IF(B13="","",INDEX(Resumo_NUTSIII!$K:$K,MATCH(B13,Resumo_NUTSIII!$A:$A,0))) -> 7.5
... A15: Vila Nova de Foz Côa | B15: Douro | C15: =IF(B15="","",INDEX(Resumo_NUTSIII!$B:$B,MATCH(B15,Resumo_NUTSIII!$A:$A,0))) -> 1764 | D15: =IF(B15="","",INDEX(Resumo_NUTSIII!$C:$C,MATCH(B15,Resumo_NUTSIII!$A:$A,0))) -> 6.3 | E15: =IF(B15="","",INDEX(Resumo_NUTSIII!$D:$D,MATCH(B15,Resumo_NUTSIII!$A:$A,0))) -> 22.7 | F15: =IF(B15="","",INDEX(Resumo_NUTSIII!$E:$E,MATCH(B15,Resumo_NUTSIII!$A:$A,0))) -> 135 | G15: =IF(B15="","",INDEX(Resumo_NUTSIII!$F:$F,MATCH(B15,Resumo_NUTSIII!$A:$A,0))) -> 420 | H15: =IF(B15="","",INDEX(Resumo_NUTSIII!$G:$G,MATCH(B15,Resumo_NUTSIII!$A:$A,0))) -> 490 | I15: =IF(B15="","",INDEX(Resumo_NUTSIII!$H:$H,MATCH(B15,Resumo_NUTSIII!$A:$A,0))) -> 220 | J15: =IF(B15="","",INDEX(Resumo_NUTSIII!$I:$I,MATCH(B15,Resumo_NUTSIII!$A:$A,0))) -> 490 | K15: =IF(B15="","",INDEX(Resumo_NUTSIII!$J:$J,MATCH(B15,Resumo_NUTSIII!$A:$A,0))) -> 579 | L15: =IF(B15="","",INDEX(Resumo_NUTSIII!$K:$K,MATCH(B15,Resumo_NUTSIII!$A:$A,0))) -> 6.9
L16: =IF(B16="","",INDEX(Resumo_NUTSIII!$K:$K,MATCH(B16,Resumo_NUTSIII!$A:$A,0)))
L17: =IF(B17="","",INDEX(Resumo_NUTSIII!$K:$K,MATCH(B17,Resumo_NUTSIII!$A:$A,0)))
L18: =IF(B18="","",INDEX(Resumo_NUTSIII!$K:$K,MATCH(B18,Resumo_NUTSIII!$A:$A,0)))
L19: =IF(B19="","",INDEX(Resumo_NUTSIII!$K:$K,MATCH(B19,Resumo_NUTSIII!$A:$A,0)))
L20: =IF(B20="","",INDEX(Resumo_NUTSIII!$K:$K,MATCH(B20,Resumo_NUTSIII!$A:$A,0)))

Sheet Leiria
A1: Concelho | B1: NUTS III | C1: GD_REF | D1: theta_inv_REF | E1: theta_ver_REF | F1: G_inv_sul_kWhm2mes | G1: G_verao_S_kWhm2mes | H1: G_verao_O_kWhm2mes | I1: G_verao_N_kWhm2mes | J1: G_verao_E_kWhm2mes | K1: z_REF_m | L1: Mref
A2: Alcobaça | B2: Oeste | C2: =IF(B2="","",INDEX(Resumo_NUTSIII!$B:$B,MATCH(B2,Resumo_NUTSIII!$A:$A,0))) -> 1165 | D2: =IF(B2="","",INDEX(Resumo_NUTSIII!$C:$C,MATCH(B2,Resumo_NUTSIII!$A:$A,0))) -> 10.3 | E2: =IF(B2="","",INDEX(Resumo_NUTSIII!$D:$D,MATCH(B2,Resumo_NUTSIII!$A:$A,0))) -> 21.0 | F2: =IF(B2="","",INDEX(Resumo_NUTSIII!$E:$E,MATCH(B2,Resumo_NUTSIII!$A:$A,0))) -> 145 | G2: =IF(B2="","",INDEX(Resumo_NUTSIII!$F:$F,MATCH(B2,Resumo_NUTSIII!$A:$A,0))) -> 415 | H2: =IF(B2="","",INDEX(Resumo_NUTSIII!$G:$G,MATCH(B2,Resumo_NUTSIII!$A:$A,0))) -> 500 | I2: =IF(B2="","",INDEX(Resumo_NUTSIII!$H:$H,MATCH(B2,Resumo_NUTSIII!$A:$A,0))) -> 225 | J2: =IF(B2="","",INDEX(Resumo_NUTSIII!$I:$I,MATCH(B2,Resumo_NUTSIII!$A:$A,0))) -> 500 | K2: =IF(B2="","",INDEX(Resumo_NUTSIII!$J:$J,MATCH(B2,Resumo_NUTSIII!$A:$A,0))) -> 99 | L2: =IF(B2="","",INDEX(Resumo_NUTSIII!$K:$K,MATCH(B2,Resumo_NUTSIII!$A:$A,0))) -> 5.6
A3: Alvaiázere | B3: Pinhal Interior Norte | C3: =IF(B3="","",INDEX(Resumo_NUTSIII!$B:$B,MATCH(B3,Resumo_NUTSIII!$A:$A,0))) -> 1555 | D3: =IF(B3="","",INDEX(Resumo_NUTSIII!$C:$C,MATCH(B3,Resumo_NUTSIII!$A:$A,0))) -> 8.3 | E3: =IF(B3="","",INDEX(Resumo_NUTSIII!$D:$D,MATCH(B3,Resumo_NUTSIII!$A:$A,0))) -> 21.2 | F3: =IF(B3="","",INDEX(Resumo_NUTSIII!$E:$E,MATCH(B3,Resumo_NUTSIII!$A:$A,0))) -> 140 | G3: =IF(B3="","",INDEX(Resumo_NUTSIII!$F:$F,MATCH(B3,Resumo_NUTSIII!$A:$A,0))) -> 420 | H3: =IF(B3="","",INDEX(Resumo_NUTSIII!$G:$G,MATCH(B3,Resumo_NUTSIII!$A:$A,0))) -> 500 | I3: =IF(B3="","",INDEX(Resumo_NUTSIII!$H:$H,MATCH(B3,Resumo_NUTSIII!$A:$A,0))) -> 220 | J3: =IF(B3="","",INDEX(Resumo_NUTSIII!$I:$I,MATCH(B3,Resumo_NUTSIII!$A:$A,0))) -> 500 | K3: =IF(B3="","",INDEX(Resumo_NUTSIII!$J:$J,MATCH(B3,Resumo_NUTSIII!$A:$A,0))) -> 361 | L3: =IF(B3="","",INDEX(Resumo_NUTSIII!$K:$K,MATCH(B3,Resumo_NUTSIII!$A:$A,0))) -> 6.8
A4: Ansião | B4: Pinhal Interior Norte | C4: =IF(B4="","",INDEX(Resumo_NUTSIII!$B:$B,MATCH(B4,Resumo_NUTSIII!$A:$A,0))) -> 1555 | D4: =IF(B4="","",INDEX(Resumo_NUTSIII!$C:$C,MATCH(B4,Resumo_NUTSIII!$A:$A,0))) -> 8.3 | E4: =IF(B4="","",INDEX(Resumo_NUTSIII!$D:$D,MATCH(B4,Resumo_NUTSIII!$A:$A,0))) -> 21.2 | F4: =IF(B4="","",INDEX(Resumo_NUTSIII!$E:$E,MATCH(B4,Resumo_NUTSIII!$A:$A,0))) -> 140 | G4: =IF(B4="","",INDEX(Resumo_NUTSIII!$F:$F,MATCH(B4,Resumo_NUTSIII!$A:$A,0))) -> 420 | H4: =IF(B4="","",INDEX(Resumo_NUTSIII!$G:$G,MATCH(B4,Resumo_NUTSIII!$A:$A,0))) -> 500 | I4: =IF(B4="","",INDEX(Resumo_NUTSIII!$H:$H,MATCH(B4,Resumo_NUTSIII!$A:$A,0))) -> 220 | J4: =IF(B4="","",INDEX(Resumo_NUTSIII!$I:$I,MATCH(B4,Resumo_NUTSIII!$A:$A,0))) -> 500 | K4: =IF(B4="","",INDEX(Resumo_NUTSIII!$J:$J,MATCH(B4,Resumo_NUTSIII!$A:$A,0))) -> 361 | L4: =IF(B4="","",INDEX(Resumo_NUTSIII!$K:$K,MATCH(B4,Resumo_NUTSIII!$A:$A,0))) -> 6.8
A5: Batalha | B5: Pinhal Litoral | C5: =IF(B5="","",INDEX(Resumo_NUTSIII!$B:$B,MATCH(B5,Resumo_NUTSIII!$A:$A,0))) -> 1323 | D5: =IF(B5="","",INDEX(Resumo_NUTSIII!$C:$C,MATCH(B5,Resumo_NUTSIII!$A:$A,0))) -> 9.6 | E5: =IF(B5="","",INDEX(Resumo_NUTSIII!$D:$D,MATCH(B5,Resumo_NUTSIII!$A:$A,0))) -> 20.1 | F5: =IF(B5="","",INDEX(Resumo_NUTSIII!$E:$E,MATCH(B5,Resumo_NUTSIII!$A:$A,0))) -> 140 | G5: =IF(B5="","",INDEX(Resumo_NUTSIII!$F:$F,MATCH(B5,Resumo_NUTSIII!$A:$A,0))) -> 415 | H5: =IF(B5="","",INDEX(Resumo_NUTSIII!$G:$G,MATCH(B5,Resumo_NUTSIII!$A:$A,0))) -> 500 | I5: =IF(B5="","",INDEX(Resumo_NUTSIII!$H:$H,MATCH(B5,Resumo_NUTSIII!$A:$A,0))) -> 225 | J5: =IF(B5="","",INDEX(Resumo_NUTSIII!$I:$I,MATCH(B5,Resumo_NUTSIII!$A:$A,0))) -> 500 | K5: =IF(B5="","",INDEX(Resumo_NUTSIII!$J:$J,MATCH(B5,Resumo_NUTSIII!$A:$A,0))) -> 126 | L5: =IF(B5="","",INDEX(Resumo_NUTSIII!$K:$K,MATCH(B5,Resumo_NUTSIII!$A:$A,0))) -> 6.6
A6: Bombarral | B6: Oeste | C6: =IF(B6="","",INDEX(Resumo_NUTSIII!$B:$B,MATCH(B6,Resumo_NUTSIII!$A:$A,0))) -> 1165 | D6: =IF(B6="","",INDEX(Resumo_NUTSIII!$C:$C,MATCH(B6,Resumo_NUTSIII!$A:$A,0))) -> 10.3 | E6: =IF(B6="","",INDEX(Resumo_NUTSIII!$D:$D,MATCH(B6,Resumo_NUTSIII!$A:$A,0))) -> 21.0 | F6: =IF(B6="","",INDEX(Resumo_NUTSIII!$E:$E,MATCH(B6,Resumo_NUTSIII!$A:$A,0))) -> 145 | G6: =IF(B6="","",INDEX(Resumo_NUTSIII!$F:$F,MATCH(B6,Resumo_NUTSIII!$A:$A,0))) -> 415 | H6: =IF(B6="","",INDEX(Resumo_NUTSIII!$G:$G,MATCH(B6,Resumo_NUTSIII!$A:$A,0))) -> 500 | I6: =IF(B6="","",INDEX(Resumo_NUTSIII!$H:$H,MATCH(B6,Resumo_NUTSIII!$A:$A,0))) -> 225 | J6: =IF(B6="","",INDEX(Resumo_NUTSIII!$I:$I,MATCH(B6,Resumo_NUTSIII!$A:$A,0))) -> 500 | K6: =IF(B6="","",INDEX(Resumo_NUTSIII!$J:$J,MATCH(B6,Resumo_NUTSIII!$A:$A,0))) -> 99 | L6: =IF(B6="","",INDEX(Resumo_NUTSIII!$K:$K,MATCH(B6,Resumo_NUTSIII!$A:$A,0))) -> 5.6
A7: Caldas da Rainha | B7: Oeste | C7: =IF(B7="","",INDEX(Resumo_NUTSIII!$B:$B,MATCH(B7,Resumo_NUTSIII!$A:$A,0))) -> 1165 | D7: =IF(B7="","",INDEX(Resumo_NUTSIII!$C:$C,MATCH(B7,Resumo_NUTSIII!$A:$A,0))) -> 10.3 | E7: =IF(B7="","",INDEX(Resumo_NUTSIII!$D:$D,MATCH(B7,Resumo_NUTSIII!$A:$A,0))) -> 21.0 | F7: =IF(B7="","",INDEX(Resumo_NUTSIII!$E:$E,MATCH(B7,Resumo_NUTSIII!$A:$A,0))) -> 145 | G7: =IF(B7="","",INDEX(Resumo_NUTSIII!$F:$F,MATCH(B7,Resumo_NUTSIII!$A:$A,0))) -> 415 | H7: =IF(B7="","",INDEX(Resumo_NUTSIII!$G:$G,MATCH(B7,Resumo_NUTSIII!$A:$A,0))) -> 500 | I7: =IF(B7="","",INDEX(Resumo_NUTSIII!$H:$H,MATCH(B7,Resumo_NUTSIII!$A:$A,0))) -> 225 | J7: =IF(B7="","",INDEX(Resumo_NUTSIII!$I:$I,MATCH(B7,Resumo_NUTSIII!$A:$A,0))) -> 500 | K7: =IF(B7="","",INDEX(Resumo_NUTSIII!$J:$J,MATCH(B7,Resumo_NUTSIII!$A:$A,0))) -> 99 | L7: =IF(B7="","",INDEX(Resumo_NUTSIII!$K:$K,MATCH(B7,Resumo_NUTSIII!$A:$A,0))) -> 5.6
A8: Castanheira de Pêra | B8: Pinhal Interior Norte | C8: =IF(B8="","",INDEX(Resumo_NUTSIII!$B:$B,MATCH(B8,Resumo_NUTSIII!$A:$A,0))) -> 1555 | D8: =IF(B8="","",INDEX(Resumo_NUTSIII!$C:$C,MATCH(B8,Resumo_NUTSIII!$A:$A,0))) -> 8.3 | E8: =IF(B8="","",INDEX(Resumo_NUTSIII!$D:$D,MATCH(B8,Resumo_NUTSIII!$A:$A,0))) -> 21.2 | F8: =IF(B8="","",INDEX(Resumo_NUTSIII!$E:$E,MATCH(B8,Resumo_NUTSIII!$A:$A,0))) -> 140 | G8: =IF(B8="","",INDEX(Resumo_NUTSIII!$F:$F,MATCH(B8,Resumo_NUTSIII!$A:$A,0))) -> 420 | H8: =IF(B8="","",INDEX(Resumo_NUTSIII!$G:$G,MATCH(B8,Resumo_NUTSIII!$A:$A,0))) -> 500 | I8: =IF(B8="","",INDEX(Resumo_NUTSIII!$H:$H,MATCH(B8,Resumo_NUTSIII!$A:$A,0))) -> 220 | J8: =IF(B8="","",INDEX(Resumo_NUTSIII!$I:$I,MATCH(B8,Resumo_NUTSIII!$A:$A,0))) -> 500 | K8: =IF(B8="","",INDEX(Resumo_NUTSIII!$J:$J,MATCH(B8,Resumo_NUTSIII!$A:$A,0))) -> 361 | L8: =IF(B8="","",INDEX(Resumo_NUTSIII!$K:$K,MATCH(B8,Resumo_NUTSIII!$A:$A,0))) -> 6.8
A9: Figueiró dos Vinhos | B9: Pinhal Interior Norte | C9: =IF(B9="","",INDEX(Resumo_NUTSIII!$B:$B,MATCH(B9,Resumo_NUTSIII!$A:$A,0))) -> 1555 | D9: =IF(B9="","",INDEX(Resumo_NUTSIII!$C:$C,MATCH(B9,Resumo_NUTSIII!$A:$A,0))) -> 8.3 | E9: =IF(B9="","",INDEX(Resumo_NUTSIII!$D:$D,MATCH(B9,Resumo_NUTSIII!$A:$A,0))) -> 21.2 | F9: =IF(B9="","",INDEX(Resumo_NUTSIII!$E:$E,MATCH(B9,Resumo_NUTSIII!$A:$A,0))) -> 140 | G9: =IF(B9="","",INDEX(Resumo_NUTSIII!$F:$F,MATCH(B9,Resumo_NUTSIII!$A:$A,0))) -> 420 | H9: =IF(B9="","",INDEX(Resumo_NUTSIII!$G:$G,MATCH(B9,Resumo_NUTSIII!$A:$A,0))) -> 500 | I9: =IF(B9="","",INDEX(Resumo_NUTSIII!$H:$H,MATCH(B9,Resumo_NUTSIII!$A:$A,0))) -> 220 | J9: =IF(B9="","",INDEX(Resumo_NUTSIII!$I:$I,MATCH(B9,Resumo_NUTSIII!$A:$A,0))) -> 500 | K9: =IF(B9="","",INDEX(Resumo_NUTSIII!$J:$J,MATCH(B9,Resumo_NUTSIII!$A:$A,0))) -> 361 | L9: =IF(B9="","",INDEX(Resumo_NUTSIII!$K:$K,MATCH(B9,Resumo_NUTSIII!$A:$A,0))) -> 6.8
A10: Leiria | B10: Pinhal Litoral | C10: =IF(B10="","",INDEX(Resumo_NUTSIII!$B:$B,MATCH(B10,Resumo_NUTSIII!$A:$A,0))) -> 1323 | D10: =IF(B10="","",INDEX(Resumo_NUTSIII!$C:$C,MATCH(B10,Resumo_NUTSIII!$A:$A,0))) -> 9.6 | E10: =IF(B10="","",INDEX(Resumo_NUTSIII!$D:$D,MATCH(B10,Resumo_NUTSIII!$A:$A,0))) -> 20.1 | F10: =IF(B10="","",INDEX(Resumo_NUTSIII!$E:$E,MATCH(B10,Resumo_NUTSIII!$A:$A,0))) -> 140 | G10: =IF(B10="","",INDEX(Resumo_NUTSIII!$F:$F,MATCH(B10,Resumo_NUTSIII!$A:$A,0))) -> 415 | H10: =IF(B10="","",INDEX(Resumo_NUTSIII!$G:$G,MATCH(B10,Resumo_NUTSIII!$A:$A,0))) -> 500 | I10: =IF(B10="","",INDEX(Resumo_NUTSIII!$H:$H,MATCH(B10,Resumo_NUTSIII!$A:$A,0))) -> 225 | J10: =IF(B10="","",INDEX(Resumo_NUTSIII!$I:$I,MATCH(B10,Resumo_NUTSIII!$A:$A,0))) -> 500 | K10: =IF(B10="","",INDEX(Resumo_NUTSIII!$J:$J,MATCH(B10,Resumo_NUTSIII!$A:$A,0))) -> 126 | L10: =IF(B10="","",INDEX(Resumo_NUTSIII!$K:$K,MATCH(B10,Resumo_NUTSIII!$A:$A,0))) -> 6.6
A11: Marinha Grande | B11: Pinhal Litoral | C11: =IF(B11="","",INDEX(Resumo_NUTSIII!$B:$B,MATCH(B11,Resumo_NUTSIII!$A:$A,0))) -> 1323 | D11: =IF(B11="","",INDEX(Resumo_NUTSIII!$C:$C,MATCH(B11,Resumo_NUTSIII!$A:$A,0))) -> 9.6 | E11: =IF(B11="","",INDEX(Resumo_NUTSIII!$D:$D,MATCH(B11,Resumo_NUTSIII!$A:$A,0))) -> 20.1 | F11: =IF(B11="","",INDEX(Resumo_NUTSIII!$E:$E,MATCH(B11,Resumo_NUTSIII!$A:$A,0))) -> 140 | G11: =IF(B11="","",INDEX(Resumo_NUTSIII!$F:$F,MATCH(B11,Resumo_NUTSIII!$A:$A,0))) -> 415 | H11: =IF(B11="","",INDEX(Resumo_NUTSIII!$G:$G,MATCH(B11,Resumo_NUTSIII!$A:$A,0))) -> 500 | I11: =IF(B11="","",INDEX(Resumo_NUTSIII!$H:$H,MATCH(B11,Resumo_NUTSIII!$A:$A,0))) -> 225 | J11: =IF(B11="","",INDEX(Resumo_NUTSIII!$I:$I,MATCH(B11,Resumo_NUTSIII!$A:$A,0))) -> 500 | K11: =IF(B11="","",INDEX(Resumo_NUTSIII!$J:$J,MATCH(B11,Resumo_NUTSIII!$A:$A,0))) -> 126 | L11: =IF(B11="","",INDEX(Resumo_NUTSIII!$K:$K,MATCH(B11,Resumo_NUTSIII!$A:$A,0))) -> 6.6
A12: Nazaré | B12: Oeste | C12: =IF(B12="","",INDEX(Resumo_NUTSIII!$B:$B,MATCH(B12,Resumo_NUTSIII!$A:$A,0))) -> 1165 | D12: =IF(B12="","",INDEX(Resumo_NUTSIII!$C:$C,MATCH(B12,Resumo_NUTSIII!$A:$A,0))) -> 10.3 | E12: =IF(B12="","",INDEX(Resumo_NUTSIII!$D:$D,MATCH(B12,Resumo_NUTSIII!$A:$A,0))) -> 21.0 | F12: =IF(B12="","",INDEX(Resumo_NUTSIII!$E:$E,MATCH(B12,Resumo_NUTSIII!$A:$A,0))) -> 145 | G12: =IF(B12="","",INDEX(Resumo_NUTSIII!$F:$F,MATCH(B12,Resumo_NUTSIII!$A:$A,0))) -> 415 | H12: =IF(B12="","",INDEX(Resumo_NUTSIII!$G:$G,MATCH(B12,Resumo_NUTSIII!$A:$A,0))) -> 500 | I12: =IF(B12="","",INDEX(Resumo_NUTSIII!$H:$H,MATCH(B12,Resumo_NUTSIII!$A:$A,0))) -> 225 | J12: =IF(B12="","",INDEX(Resumo_NUTSIII!$I:$I,MATCH(B12,Resumo_NUTSIII!$A:$A,0))) -> 500 | K12: =IF(B12="","",INDEX(Resumo_NUTSIII!$J:$J,MATCH(B12,Resumo_NUTSIII!$A:$A,0))) -> 99 | L12: =IF(B12="","",INDEX(Resumo_NUTSIII!$K:$K,MATCH(B12,Resumo_NUTSIII!$A:$A,0))) -> 5.6
A13: Óbidos | B13: Oeste | C13: =IF(B13="","",INDEX(Resumo_NUTSIII!$B:$B,MATCH(B13,Resumo_NUTSIII!$A:$A,0))) -> 1165 | D13: =IF(B13="","",INDEX(Resumo_NUTSIII!$C:$C,MATCH(B13,Resumo_NUTSIII!$A:$A,0))) -> 10.3 | E13: =IF(B13="","",INDEX(Resumo_NUTSIII!$D:$D,MATCH(B13,Resumo_NUTSIII!$A:$A,0))) -> 21.0 | F13: =IF(B13="","",INDEX(Resumo_NUTSIII!$E:$E,MATCH(B13,Resumo_NUTSIII!$A:$A,0))) -> 145 | G13: =IF(B13="","",INDEX(Resumo_NUTSIII!$F:$F,MATCH(B13,Resumo_NUTSIII!$A:$A,0))) -> 415 | H13: =IF(B13="","",INDEX(Resumo_NUTSIII!$G:$G,MATCH(B13,Resumo_NUTSIII!$A:$A,0))) -> 500 | I13: =IF(B13="","",INDEX(Resumo_NUTSIII!$H:$H,MATCH(B13,Resumo_NUTSIII!$A:$A,0))) -> 225 | J13: =IF(B13="","",INDEX(Resumo_NUTSIII!$I:$I,MATCH(B13,Resumo_NUTSIII!$A:$A,0))) -> 500 | K13: =IF(B13="","",INDEX(Resumo_NUTSIII!$J:$J,MATCH(B13,Resumo_NUTSIII!$A:$A,0))) -> 99 | L13: =IF(B13="","",INDEX(Resumo_NUTSIII!$K:$K,MATCH(B13,Resumo_NUTSIII!$A:$A,0))) -> 5.6
... A17: Porto de Mós | B17: Pinhal Litoral | C17: =IF(B17="","",INDEX(Resumo_NUTSIII!$B:$B,MATCH(B17,Resumo_NUTSIII!$A:$A,0))) -> 1323 | D17: =IF(B17="","",INDEX(Resumo_NUTSIII!$C:$C,MATCH(B17,Resumo_NUTSIII!$A:$A,0))) -> 9.6 | E17: =IF(B17="","",INDEX(Resumo_NUTSIII!$D:$D,MATCH(B17,Resumo_NUTSIII!$A:$A,0))) -> 20.1 | F17: =IF(B17="","",INDEX(Resumo_NUTSIII!$E:$E,MATCH(B17,Resumo_NUTSIII!$A:$A,0))) -> 140 | G17: =IF(B17="","",INDEX(Resumo_NUTSIII!$F:$F,MATCH(B17,Resumo_NUTSIII!$A:$A,0))) -> 415 | H17: =IF(B17="","",INDEX(Resumo_NUTSIII!$G:$G,MATCH(B17,Resumo_NUTSIII!$A:$A,0))) -> 500 | I17: =IF(B17="","",INDEX(Resumo_NUTSIII!$H:$H,MATCH(B17,Resumo_NUTSIII!$A:$A,0))) -> 225 | J17: =IF(B17="","",INDEX(Resumo_NUTSIII!$I:$I,MATCH(B17,Resumo_NUTSIII!$A:$A,0))) -> 500 | K17: =IF(B17="","",INDEX(Resumo_NUTSIII!$J:$J,MATCH(B17,Resumo_NUTSIII!$A:$A,0))) -> 126 | L17: =IF(B17="","",INDEX(Resumo_NUTSIII!$K:$K,MATCH(B17,Resumo_NUTSIII!$A:$A,0))) -> 6.6
F18: =IF(B18="","",INDEX(Resumo_NUTSIII!$E:$E,MATCH(B18,Resumo_NUTSIII!$A:$A,0))) | G18: =IF(B18="","",INDEX(Resumo_NUTSIII!$F:$F,MATCH(B18,Resumo_NUTSIII!$A:$A,0))) | L18: =IF(B18="","",INDEX(Resumo_NUTSIII!$K:$K,MATCH(B18,Resumo_NUTSIII!$A:$A,0)))
L19: =IF(B19="","",INDEX(Resumo_NUTSIII!$K:$K,MATCH(B19,Resumo_NUTSIII!$A:$A,0)))
L20: =IF(B20="","",INDEX(Resumo_NUTSIII!$K:$K,MATCH(B20,Resumo_NUTSIII!$A:$A,0)))

Sheet Lisboa
A1: Concelho | B1: NUTS III correta (Manual SCE) | C1: GD_REF | D1: theta_inv_REF | E1: theta_ver_REF | F1: G_inv_sul_kWhm2mes | G1: G_verao_S_kWhm2mes | H1: G_verao_O_kWhm2mes | I1: G_verao_N_kWhm2mes | J1: G_verao_E_kWhm2mes | K1: z_REF_m | L1: Mref
A2: Amadora | B2: Grande Lisboa | C2: =IF(B2="","",INDEX(Resumo_NUTSIII!$B:$B,MATCH(B2,Resumo_NUTSIII!$A:$A,0))) -> 1071 | D2: =IF(B2="","",INDEX(Resumo_NUTSIII!$C:$C,MATCH(B2,Resumo_NUTSIII!$A:$A,0))) -> 10.8 | E2: =IF(B2="","",INDEX(Resumo_NUTSIII!$D:$D,MATCH(B2,Resumo_NUTSIII!$A:$A,0))) -> 21.7 | F2: =IF(B2="","",INDEX(Resumo_NUTSIII!$E:$E,MATCH(B2,Resumo_NUTSIII!$A:$A,0))) -> 150 | G2: =IF(B2="","",INDEX(Resumo_NUTSIII!$F:$F,MATCH(B2,Resumo_NUTSIII!$A:$A,0))) -> 410 | H2: =IF(B2="","",INDEX(Resumo_NUTSIII!$G:$G,MATCH(B2,Resumo_NUTSIII!$A:$A,0))) -> 500 | I2: =IF(B2="","",INDEX(Resumo_NUTSIII!$H:$H,MATCH(B2,Resumo_NUTSIII!$A:$A,0))) -> 225 | J2: =IF(B2="","",INDEX(Resumo_NUTSIII!$I:$I,MATCH(B2,Resumo_NUTSIII!$A:$A,0))) -> 500 | K2: =IF(B2="","",INDEX(Resumo_NUTSIII!$J:$J,MATCH(B2,Resumo_NUTSIII!$A:$A,0))) -> 109 | L2: =IF(B2="","",INDEX(Resumo_NUTSIII!$K:$K,MATCH(B2,Resumo_NUTSIII!$A:$A,0))) -> 5.3
A3: Cascais | B3: Grande Lisboa | C3: =IF(B3="","",INDEX(Resumo_NUTSIII!$B:$B,MATCH(B3,Resumo_NUTSIII!$A:$A,0))) -> 1071 | D3: =IF(B3="","",INDEX(Resumo_NUTSIII!$C:$C,MATCH(B3,Resumo_NUTSIII!$A:$A,0))) -> 10.8 | E3: =IF(B3="","",INDEX(Resumo_NUTSIII!$D:$D,MATCH(B3,Resumo_NUTSIII!$A:$A,0))) -> 21.7 | F3: =IF(B3="","",INDEX(Resumo_NUTSIII!$E:$E,MATCH(B3,Resumo_NUTSIII!$A:$A,0))) -> 150 | G3: =IF(B3="","",INDEX(Resumo_NUTSIII!$F:$F,MATCH(B3,Resumo_NUTSIII!$A:$A,0))) -> 410 | H3: =IF(B3="","",INDEX(Resumo_NUTSIII!$G:$G,MATCH(B3,Resumo_NUTSIII!$A:$A,0))) -> 500 | I3: =IF(B3="","",INDEX(Resumo_NUTSIII!$H:$H,MATCH(B3,Resumo_NUTSIII!$A:$A,0))) -> 225 | J3: =IF(B3="","",INDEX(Resumo_NUTSIII!$I:$I,MATCH(B3,Resumo_NUTSIII!$A:$A,0))) -> 500 | K3: =IF(B3="","",INDEX(Resumo_NUTSIII!$J:$J,MATCH(B3,Resumo_NUTSIII!$A:$A,0))) -> 109 | L3: =IF(B3="","",INDEX(Resumo_NUTSIII!$K:$K,MATCH(B3,Resumo_NUTSIII!$A:$A,0))) -> 5.3
A4: Lisboa | B4: Grande Lisboa | C4: =IF(B4="","",INDEX(Resumo_NUTSIII!$B:$B,MATCH(B4,Resumo_NUTSIII!$A:$A,0))) -> 1071 | D4: =IF(B4="","",INDEX(Resumo_NUTSIII!$C:$C,MATCH(B4,Resumo_NUTSIII!$A:$A,0))) -> 10.8 | E4: =IF(B4="","",INDEX(Resumo_NUTSIII!$D:$D,MATCH(B4,Resumo_NUTSIII!$A:$A,0))) -> 21.7 | F4: =IF(B4="","",INDEX(Resumo_NUTSIII!$E:$E,MATCH(B4,Resumo_NUTSIII!$A:$A,0))) -> 150 | G4: =IF(B4="","",INDEX(Resumo_NUTSIII!$F:$F,MATCH(B4,Resumo_NUTSIII!$A:$A,0))) -> 410 | H4: =IF(B4="","",INDEX(Resumo_NUTSIII!$G:$G,MATCH(B4,Resumo_NUTSIII!$A:$A,0))) -> 500 | I4: =IF(B4="","",INDEX(Resumo_NUTSIII!$H:$H,MATCH(B4,Resumo_NUTSIII!$A:$A,0))) -> 225 | J4: =IF(B4="","",INDEX(Resumo_NUTSIII!$I:$I,MATCH(B4,Resumo_NUTSIII!$A:$A,0))) -> 500 | K4: =IF(B4="","",INDEX(Resumo_NUTSIII!$J:$J,MATCH(B4,Resumo_NUTSIII!$A:$A,0))) -> 109 | L4: =IF(B4="","",INDEX(Resumo_NUTSIII!$K:$K,MATCH(B4,Resumo_NUTSIII!$A:$A,0))) -> 5.3
A5: Loures | B5: Grande Lisboa | C5: =IF(B5="","",INDEX(Resumo_NUTSIII!$B:$B,MATCH(B5,Resumo_NUTSIII!$A:$A,0))) -> 1071 | D5: =IF(B5="","",INDEX(Resumo_NUTSIII!$C:$C,MATCH(B5,Resumo_NUTSIII!$A:$A,0))) -> 10.8 | E5: =IF(B5="","",INDEX(Resumo_NUTSIII!$D:$D,MATCH(B5,Resumo_NUTSIII!$A:$A,0))) -> 21.7 | F5: =IF(B5="","",INDEX(Resumo_NUTSIII!$E:$E,MATCH(B5,Resumo_NUTSIII!$A:$A,0))) -> 150 | G5: =IF(B5="","",INDEX(Resumo_NUTSIII!$F:$F,MATCH(B5,Resumo_NUTSIII!$A:$A,0))) -> 410 | H5: =IF(B5="","",INDEX(Resumo_NUTSIII!$G:$G,MATCH(B5,Resumo_NUTSIII!$A:$A,0))) -> 500 | I5: =IF(B5="","",INDEX(Resumo_NUTSIII!$H:$H,MATCH(B5,Resumo_NUTSIII!$A:$A,0))) -> 225 | J5: =IF(B5="","",INDEX(Resumo_NUTSIII!$I:$I,MATCH(B5,Resumo_NUTSIII!$A:$A,0))) -> 500 | K5: =IF(B5="","",INDEX(Resumo_NUTSIII!$J:$J,MATCH(B5,Resumo_NUTSIII!$A:$A,0))) -> 109 | L5: =IF(B5="","",INDEX(Resumo_NUTSIII!$K:$K,MATCH(B5,Resumo_NUTSIII!$A:$A,0))) -> 5.3
A6: Mafra | B6: Grande Lisboa | C6: =IF(B6="","",INDEX(Resumo_NUTSIII!$B:$B,MATCH(B6,Resumo_NUTSIII!$A:$A,0))) -> 1071 | D6: =IF(B6="","",INDEX(Resumo_NUTSIII!$C:$C,MATCH(B6,Resumo_NUTSIII!$A:$A,0))) -> 10.8 | E6: =IF(B6="","",INDEX(Resumo_NUTSIII!$D:$D,MATCH(B6,Resumo_NUTSIII!$A:$A,0))) -> 21.7 | F6: =IF(B6="","",INDEX(Resumo_NUTSIII!$E:$E,MATCH(B6,Resumo_NUTSIII!$A:$A,0))) -> 150 | G6: =IF(B6="","",INDEX(Resumo_NUTSIII!$F:$F,MATCH(B6,Resumo_NUTSIII!$A:$A,0))) -> 410 | H6: =IF(B6="","",INDEX(Resumo_NUTSIII!$G:$G,MATCH(B6,Resumo_NUTSIII!$A:$A,0))) -> 500 | I6: =IF(B6="","",INDEX(Resumo_NUTSIII!$H:$H,MATCH(B6,Resumo_NUTSIII!$A:$A,0))) -> 225 | J6: =IF(B6="","",INDEX(Resumo_NUTSIII!$I:$I,MATCH(B6,Resumo_NUTSIII!$A:$A,0))) -> 500 | K6: =IF(B6="","",INDEX(Resumo_NUTSIII!$J:$J,MATCH(B6,Resumo_NUTSIII!$A:$A,0))) -> 109 | L6: =IF(B6="","",INDEX(Resumo_NUTSIII!$K:$K,MATCH(B6,Resumo_NUTSIII!$A:$A,0))) -> 5.3
A7: Odivelas | B7: Grande Lisboa | C7: =IF(B7="","",INDEX(Resumo_NUTSIII!$B:$B,MATCH(B7,Resumo_NUTSIII!$A:$A,0))) -> 1071 | D7: =IF(B7="","",INDEX(Resumo_NUTSIII!$C:$C,MATCH(B7,Resumo_NUTSIII!$A:$A,0))) -> 10.8 | E7: =IF(B7="","",INDEX(Resumo_NUTSIII!$D:$D,MATCH(B7,Resumo_NUTSIII!$A:$A,0))) -> 21.7 | F7: =IF(B7="","",INDEX(Resumo_NUTSIII!$E:$E,MATCH(B7,Resumo_NUTSIII!$A:$A,0))) -> 150 | G7: =IF(B7="","",INDEX(Resumo_NUTSIII!$F:$F,MATCH(B7,Resumo_NUTSIII!$A:$A,0))) -> 410 | H7: =IF(B7="","",INDEX(Resumo_NUTSIII!$G:$G,MATCH(B7,Resumo_NUTSIII!$A:$A,0))) -> 500 | I7: =IF(B7="","",INDEX(Resumo_NUTSIII!$H:$H,MATCH(B7,Resumo_NUTSIII!$A:$A,0))) -> 225 | J7: =IF(B7="","",INDEX(Resumo_NUTSIII!$I:$I,MATCH(B7,Resumo_NUTSIII!$A:$A,0))) -> 500 | K7: =IF(B7="","",INDEX(Resumo_NUTSIII!$J:$J,MATCH(B7,Resumo_NUTSIII!$A:$A,0))) -> 109 | L7: =IF(B7="","",INDEX(Resumo_NUTSIII!$K:$K,MATCH(B7,Resumo_NUTSIII!$A:$A,0))) -> 5.3
A8: Oeiras | B8: Grande Lisboa | C8: =IF(B8="","",INDEX(Resumo_NUTSIII!$B:$B,MATCH(B8,Resumo_NUTSIII!$A:$A,0))) -> 1071 | D8: =IF(B8="","",INDEX(Resumo_NUTSIII!$C:$C,MATCH(B8,Resumo_NUTSIII!$A:$A,0))) -> 10.8 | E8: =IF(B8="","",INDEX(Resumo_NUTSIII!$D:$D,MATCH(B8,Resumo_NUTSIII!$A:$A,0))) -> 21.7 | F8: =IF(B8="","",INDEX(Resumo_NUTSIII!$E:$E,MATCH(B8,Resumo_NUTSIII!$A:$A,0))) -> 150 | G8: =IF(B8="","",INDEX(Resumo_NUTSIII!$F:$F,MATCH(B8,Resumo_NUTSIII!$A:$A,0))) -> 410 | H8: =IF(B8="","",INDEX(Resumo_NUTSIII!$G:$G,MATCH(B8,Resumo_NUTSIII!$A:$A,0))) -> 500 | I8: =IF(B8="","",INDEX(Resumo_NUTSIII!$H:$H,MATCH(B8,Resumo_NUTSIII!$A:$A,0))) -> 225 | J8: =IF(B8="","",INDEX(Resumo_NUTSIII!$I:$I,MATCH(B8,Resumo_NUTSIII!$A:$A,0))) -> 500 | K8: =IF(B8="","",INDEX(Resumo_NUTSIII!$J:$J,MATCH(B8,Resumo_NUTSIII!$A:$A,0))) -> 109 | L8: =IF(B8="","",INDEX(Resumo_NUTSIII!$K:$K,MATCH(B8,Resumo_NUTSIII!$A:$A,0))) -> 5.3
A9: Odivelas | B9: Grande Lisboa | C9: =IF(B9="","",INDEX(Resumo_NUTSIII!$B:$B,MATCH(B9,Resumo_NUTSIII!$A:$A,0))) -> 1071 | D9: =IF(B9="","",INDEX(Resumo_NUTSIII!$C:$C,MATCH(B9,Resumo_NUTSIII!$A:$A,0))) -> 10.8 | E9: =IF(B9="","",INDEX(Resumo_NUTSIII!$D:$D,MATCH(B9,Resumo_NUTSIII!$A:$A,0))) -> 21.7 | F9: =IF(B9="","",INDEX(Resumo_NUTSIII!$E:$E,MATCH(B9,Resumo_NUTSIII!$A:$A,0))) -> 150 | G9: =IF(B9="","",INDEX(Resumo_NUTSIII!$F:$F,MATCH(B9,Resumo_NUTSIII!$A:$A,0))) -> 410 | H9: =IF(B9="","",INDEX(Resumo_NUTSIII!$G:$G,MATCH(B9,Resumo_NUTSIII!$A:$A,0))) -> 500 | I9: =IF(B9="","",INDEX(Resumo_NUTSIII!$H:$H,MATCH(B9,Resumo_NUTSIII!$A:$A,0))) -> 225 | J9: =IF(B9="","",INDEX(Resumo_NUTSIII!$I:$I,MATCH(B9,Resumo_NUTSIII!$A:$A,0))) -> 500 | K9: =IF(B9="","",INDEX(Resumo_NUTSIII!$J:$J,MATCH(B9,Resumo_NUTSIII!$A:$A,0))) -> 109 | L9: =IF(B9="","",INDEX(Resumo_NUTSIII!$K:$K,MATCH(B9,Resumo_NUTSIII!$A:$A,0))) -> 5.3
A10: Sintra | B10: Grande Lisboa | C10: =IF(B10="","",INDEX(Resumo_NUTSIII!$B:$B,MATCH(B10,Resumo_NUTSIII!$A:$A,0))) -> 1071 | D10: =IF(B10="","",INDEX(Resumo_NUTSIII!$C:$C,MATCH(B10,Resumo_NUTSIII!$A:$A,0))) -> 10.8 | E10: =IF(B10="","",INDEX(Resumo_NUTSIII!$D:$D,MATCH(B10,Resumo_NUTSIII!$A:$A,0))) -> 21.7 | F10: =IF(B10="","",INDEX(Resumo_NUTSIII!$E:$E,MATCH(B10,Resumo_NUTSIII!$A:$A,0))) -> 150 | G10: =IF(B10="","",INDEX(Resumo_NUTSIII!$F:$F,MATCH(B10,Resumo_NUTSIII!$A:$A,0))) -> 410 | H10: =IF(B10="","",INDEX(Resumo_NUTSIII!$G:$G,MATCH(B10,Resumo_NUTSIII!$A:$A,0))) -> 500 | I10: =IF(B10="","",INDEX(Resumo_NUTSIII!$H:$H,MATCH(B10,Resumo_NUTSIII!$A:$A,0))) -> 225 | J10: =IF(B10="","",INDEX(Resumo_NUTSIII!$I:$I,MATCH(B10,Resumo_NUTSIII!$A:$A,0))) -> 500 | K10: =IF(B10="","",INDEX(Resumo_NUTSIII!$J:$J,MATCH(B10,Resumo_NUTSIII!$A:$A,0))) -> 109 | L10: =IF(B10="","",INDEX(Resumo_NUTSIII!$K:$K,MATCH(B10,Resumo_NUTSIII!$A:$A,0))) -> 5.3
A11: Vila Franca de Xira | B11: Grande Lisboa | C11: =IF(B11="","",INDEX(Resumo_NUTSIII!$B:$B,MATCH(B11,Resumo_NUTSIII!$A:$A,0))) -> 1071 | D11: =IF(B11="","",INDEX(Resumo_NUTSIII!$C:$C,MATCH(B11,Resumo_NUTSIII!$A:$A,0))) -> 10.8 | E11: =IF(B11="","",INDEX(Resumo_NUTSIII!$D:$D,MATCH(B11,Resumo_NUTSIII!$A:$A,0))) -> 21.7 | F11: =IF(B11="","",INDEX(Resumo_NUTSIII!$E:$E,MATCH(B11,Resumo_NUTSIII!$A:$A,0))) -> 150 | G11: =IF(B11="","",INDEX(Resumo_NUTSIII!$F:$F,MATCH(B11,Resumo_NUTSIII!$A:$A,0))) -> 410 | H11: =IF(B11="","",INDEX(Resumo_NUTSIII!$G:$G,MATCH(B11,Resumo_NUTSIII!$A:$A,0))) -> 500 | I11: =IF(B11="","",INDEX(Resumo_NUTSIII!$H:$H,MATCH(B11,Resumo_NUTSIII!$A:$A,0))) -> 225 | J11: =IF(B11="","",INDEX(Resumo_NUTSIII!$I:$I,MATCH(B11,Resumo_NUTSIII!$A:$A,0))) -> 500 | K11: =IF(B11="","",INDEX(Resumo_NUTSIII!$J:$J,MATCH(B11,Resumo_NUTSIII!$A:$A,0))) -> 109 | L11: =IF(B11="","",INDEX(Resumo_NUTSIII!$K:$K,MATCH(B11,Resumo_NUTSIII!$A:$A,0))) -> 5.3
C12: =IF(B12="","",INDEX(Resumo_NUTSIII!$B:$B,MATCH(B12,Resumo_NUTSIII!$A:$A,0))) | D12: =IF(B12="","",INDEX(Resumo_NUTSIII!$C:$C,MATCH(B12,Resumo_NUTSIII!$A:$A,0))) | E12: =IF(B12="","",INDEX(Resumo_NUTSIII!$D:$D,MATCH(B12,Resumo_NUTSIII!$A:$A,0))) | F12: =IF(B12="","",INDEX(Resumo_NUTSIII!$E:$E,MATCH(B12,Resumo_NUTSIII!$A:$A,0))) | G12: =IF(B12="","",INDEX(Resumo_NUTSIII!$F:$F,MATCH(B12,Resumo_NUTSIII!$A:$A,0))) | H12: =IF(B12="","",INDEX(Resumo_NUTSIII!$G:$G,MATCH(B12,Resumo_NUTSIII!$A:$A,0))) | I12: =IF(B12="","",INDEX(Resumo_NUTSIII!$H:$H,MATCH(B12,Resumo_NUTSIII!$A:$A,0))) | J12: =IF(B12="","",INDEX(Resumo_NUTSIII!$I:$I,MATCH(B12,Resumo_NUTSIII!$A:$A,0))) | K12: =IF(B12="","",INDEX(Resumo_NUTSIII!$J:$J,MATCH(B12,Resumo_NUTSIII!$A:$A,0))) | L12: =IF(B12="","",INDEX(Resumo_NUTSIII!$K:$K,MATCH(B12,Resumo_NUTSIII!$A:$A,0)))
C13: =IF(B13="","",INDEX(Resumo_NUTSIII!$B:$B,MATCH(B13,Resumo_NUTSIII!$A:$A,0))) | D13: =IF(B13="","",INDEX(Resumo_NUTSIII!$C:$C,MATCH(B13,Resumo_NUTSIII!$A:$A,0))) | E13: =IF(B13="","",INDEX(Resumo_NUTSIII!$D:$D,MATCH(B13,Resumo_NUTSIII!$A:$A,0))) | F13: =IF(B13="","",INDEX(Resumo_NUTSIII!$E:$E,MATCH(B13,Resumo_NUTSIII!$A:$A,0))) | G13: =IF(B13="","",INDEX(Resumo_NUTSIII!$F:$F,MATCH(B13,Resumo_NUTSIII!$A:$A,0))) | H13: =IF(B13="","",INDEX(Resumo_NUTSIII!$G:$G,MATCH(B13,Resumo_NUTSIII!$A:$A,0))) | I13: =IF(B13="","",INDEX(Resumo_NUTSIII!$H:$H,MATCH(B13,Resumo_NUTSIII!$A:$A,0))) | J13: =IF(B13="","",INDEX(Resumo_NUTSIII!$I:$I,MATCH(B13,Resumo_NUTSIII!$A:$A,0))) | K13: =IF(B13="","",INDEX(Resumo_NUTSIII!$J:$J,MATCH(B13,Resumo_NUTSIII!$A:$A,0))) | L13: =IF(B13="","",INDEX(Resumo_NUTSIII!$K:$K,MATCH(B13,Resumo_NUTSIII!$A:$A,0)))
C14: =IF(B14="","",INDEX(Resumo_NUTSIII!$B:$B,MATCH(B14,Resumo_NUTSIII!$A:$A,0))) | D14: =IF(B14="","",INDEX(Resumo_NUTSIII!$C:$C,MATCH(B14,Resumo_NUTSIII!$A:$A,0))) | E14: =IF(B14="","",INDEX(Resumo_NUTSIII!$D:$D,MATCH(B14,Resumo_NUTSIII!$A:$A,0))) | F14: =IF(B14="","",INDEX(Resumo_NUTSIII!$E:$E,MATCH(B14,Resumo_NUTSIII!$A:$A,0))) | G14: =IF(B14="","",INDEX(Resumo_NUTSIII!$F:$F,MATCH(B14,Resumo_NUTSIII!$A:$A,0))) | H14: =IF(B14="","",INDEX(Resumo_NUTSIII!$G:$G,MATCH(B14,Resumo_NUTSIII!$A:$A,0))) | I14: =IF(B14="","",INDEX(Resumo_NUTSIII!$H:$H,MATCH(B14,Resumo_NUTSIII!$A:$A,0))) | J14: =IF(B14="","",INDEX(Resumo_NUTSIII!$I:$I,MATCH(B14,Resumo_NUTSIII!$A:$A,0))) | K14: =IF(B14="","",INDEX(Resumo_NUTSIII!$J:$J,MATCH(B14,Resumo_NUTSIII!$A:$A,0))) | L14: =IF(B14="","",INDEX(Resumo_NUTSIII!$K:$K,MATCH(B14,Resumo_NUTSIII!$A:$A,0)))
G15: =IF(B15="","",INDEX(Resumo_NUTSIII!$F:$F,MATCH(B15,Resumo_NUTSIII!$A:$A,0))) | H15: =IF(B15="","",INDEX(Resumo_NUTSIII!$G:$G,MATCH(B15,Resumo_NUTSIII!$A:$A,0))) | I15: =IF(B15="","",INDEX(Resumo_NUTSIII!$H:$H,MATCH(B15,Resumo_NUTSIII!$A:$A,0))) | J15: =IF(B15="","",INDEX(Resumo_NUTSIII!$I:$I,MATCH(B15,Resumo_NUTSIII!$A:$A,0))) | K15: =IF(B15="","",INDEX(Resumo_NUTSIII!$J:$J,MATCH(B15,Resumo_NUTSIII!$A:$A,0))) | L15: =IF(B15="","",INDEX(Resumo_NUTSIII!$K:$K,MATCH(B15,Resumo_NUTSIII!$A:$A,0)))
C16: =IF(B16="","",INDEX(Resumo_NUTSIII!$B:$B,MATCH(B16,Resumo_NUTSIII!$A:$A,0))) | D16: =IF(B16="","",INDEX(Resumo_NUTSIII!$C:$C,MATCH(B16,Resumo_NUTSIII!$A:$A,0))) | E16: =IF(B16="","",INDEX(Resumo_NUTSIII!$D:$D,MATCH(B16,Resumo_NUTSIII!$A:$A,0))) | G16: =IF(B16="","",INDEX(Resumo_NUTSIII!$F:$F,MATCH(B16,Resumo_NUTSIII!$A:$A,0))) | H16: =IF(B16="","",INDEX(Resumo_NUTSIII!$G:$G,MATCH(B16,Resumo_NUTSIII!$A:$A,0))) | I16: =IF(B16="","",INDEX(Resumo_NUTSIII!$H:$H,MATCH(B16,Resumo_NUTSIII!$A:$A,0))) | J16: =IF(B16="","",INDEX(Resumo_NUTSIII!$I:$I,MATCH(B16,Resumo_NUTSIII!$A:$A,0))) | K16: =IF(B16="","",INDEX(Resumo_NUTSIII!$J:$J,MATCH(B16,Resumo_NUTSIII!$A:$A,0))) | L16: =IF(B16="","",INDEX(Resumo_NUTSIII!$K:$K,MATCH(B16,Resumo_NUTSIII!$A:$A,0)))
L17: =IF(B17="","",INDEX(Resumo_NUTSIII!$K:$K,MATCH(B17,Resumo_NUTSIII!$A:$A,0)))
L18: =IF(B18="","",INDEX(Resumo_NUTSIII!$K:$K,MATCH(B18,Resumo_NUTSIII!$A:$A,0)))
L19: =IF(B19="","",INDEX(Resumo_NUTSIII!$K:$K,MATCH(B19,Resumo_NUTSIII!$A:$A,0)))
L20: =IF(B20="","",INDEX(Resumo_NUTSIII!$K:$K,MATCH(B20,Resumo_NUTSIII!$A:$A,0)))

Sheet Portalegre
A1: Concelho | B1: NUTS III | C1: GD_REF | D1: theta_inv_REF | E1: theta_ver_REF | F1: G_inv_sul_kWhm2mes | G1: G_verao_S_kWhm2mes | H1: G_verao_O_kWhm2mes | I1: G_verao_N_kWhm2mes | J1: G_verao_E_kWhm2mes | K1: z_REF_m | L1: Mref
A2: Alter do Chão | B2: Alto Alentejo | C2: =IF(B2="","",INDEX(Resumo_NUTSIII!$B:$B,MATCH(B2,Resumo_NUTSIII!$A:$A,0))) -> 1221 | D2: =IF(B2="","",INDEX(Resumo_NUTSIII!$C:$C,MATCH(B2,Resumo_NUTSIII!$A:$A,0))) -> 9.6 | E2: =IF(B2="","",INDEX(Resumo_NUTSIII!$D:$D,MATCH(B2,Resumo_NUTSIII!$A:$A,0))) -> 24.5 | F2: =IF(B2="","",INDEX(Resumo_NUTSIII!$E:$E,MATCH(B2,Resumo_NUTSIII!$A:$A,0))) -> 145 | G2: =IF(B2="","",INDEX(Resumo_NUTSIII!$F:$F,MATCH(B2,Resumo_NUTSIII!$A:$A,0))) -> 415 | H2: =IF(B2="","",INDEX(Resumo_NUTSIII!$G:$G,MATCH(B2,Resumo_NUTSIII!$A:$A,0))) -> 505 | I2: =IF(B2="","",INDEX(Resumo_NUTSIII!$H:$H,MATCH(B2,Resumo_NUTSIII!$A:$A,0))) -> 225 | J2: =IF(B2="","",INDEX(Resumo_NUTSIII!$I:$I,MATCH(B2,Resumo_NUTSIII!$A:$A,0))) -> 505 | K2: =IF(B2="","",INDEX(Resumo_NUTSIII!$J:$J,MATCH(B2,Resumo_NUTSIII!$A:$A,0))) -> 246 | L2: =IF(B2="","",INDEX(Resumo_NUTSIII!$K:$K,MATCH(B2,Resumo_NUTSIII!$A:$A,0))) -> 5.3
A3: Arronches | B3: Alto Alentejo | C3: =IF(B3="","",INDEX(Resumo_NUTSIII!$B:$B,MATCH(B3,Resumo_NUTSIII!$A:$A,0))) -> 1221 | D3: =IF(B3="","",INDEX(Resumo_NUTSIII!$C:$C,MATCH(B3,Resumo_NUTSIII!$A:$A,0))) -> 9.6 | E3: =IF(B3="","",INDEX(Resumo_NUTSIII!$D:$D,MATCH(B3,Resumo_NUTSIII!$A:$A,0))) -> 24.5 | F3: =IF(B3="","",INDEX(Resumo_NUTSIII!$E:$E,MATCH(B3,Resumo_NUTSIII!$A:$A,0))) -> 145 | G3: =IF(B3="","",INDEX(Resumo_NUTSIII!$F:$F,MATCH(B3,Resumo_NUTSIII!$A:$A,0))) -> 415 | H3: =IF(B3="","",INDEX(Resumo_NUTSIII!$G:$G,MATCH(B3,Resumo_NUTSIII!$A:$A,0))) -> 505 | I3: =IF(B3="","",INDEX(Resumo_NUTSIII!$H:$H,MATCH(B3,Resumo_NUTSIII!$A:$A,0))) -> 225 | J3: =IF(B3="","",INDEX(Resumo_NUTSIII!$I:$I,MATCH(B3,Resumo_NUTSIII!$A:$A,0))) -> 505 | K3: =IF(B3="","",INDEX(Resumo_NUTSIII!$J:$J,MATCH(B3,Resumo_NUTSIII!$A:$A,0))) -> 246 | L3: =IF(B3="","",INDEX(Resumo_NUTSIII!$K:$K,MATCH(B3,Resumo_NUTSIII!$A:$A,0))) -> 5.3
A4: Avis | B4: Alto Alentejo | C4: =IF(B4="","",INDEX(Resumo_NUTSIII!$B:$B,MATCH(B4,Resumo_NUTSIII!$A:$A,0))) -> 1221 | D4: =IF(B4="","",INDEX(Resumo_NUTSIII!$C:$C,MATCH(B4,Resumo_NUTSIII!$A:$A,0))) -> 9.6 | E4: =IF(B4="","",INDEX(Resumo_NUTSIII!$D:$D,MATCH(B4,Resumo_NUTSIII!$A:$A,0))) -> 24.5 | F4: =IF(B4="","",INDEX(Resumo_NUTSIII!$E:$E,MATCH(B4,Resumo_NUTSIII!$A:$A,0))) -> 145 | G4: =IF(B4="","",INDEX(Resumo_NUTSIII!$F:$F,MATCH(B4,Resumo_NUTSIII!$A:$A,0))) -> 415 | H4: =IF(B4="","",INDEX(Resumo_NUTSIII!$G:$G,MATCH(B4,Resumo_NUTSIII!$A:$A,0))) -> 505 | I4: =IF(B4="","",INDEX(Resumo_NUTSIII!$H:$H,MATCH(B4,Resumo_NUTSIII!$A:$A,0))) -> 225 | J4: =IF(B4="","",INDEX(Resumo_NUTSIII!$I:$I,MATCH(B4,Resumo_NUTSIII!$A:$A,0))) -> 505 | K4: =IF(B4="","",INDEX(Resumo_NUTSIII!$J:$J,MATCH(B4,Resumo_NUTSIII!$A:$A,0))) -> 246 | L4: =IF(B4="","",INDEX(Resumo_NUTSIII!$K:$K,MATCH(B4,Resumo_NUTSIII!$A:$A,0))) -> 5.3
A5: Campo Maior | B5: Alto Alentejo | C5: =IF(B5="","",INDEX(Resumo_NUTSIII!$B:$B,MATCH(B5,Resumo_NUTSIII!$A:$A,0))) -> 1221 | D5: =IF(B5="","",INDEX(Resumo_NUTSIII!$C:$C,MATCH(B5,Resumo_NUTSIII!$A:$A,0))) -> 9.6 | E5: =IF(B5="","",INDEX(Resumo_NUTSIII!$D:$D,MATCH(B5,Resumo_NUTSIII!$A:$A,0))) -> 24.5 | F5: =IF(B5="","",INDEX(Resumo_NUTSIII!$E:$E,MATCH(B5,Resumo_NUTSIII!$A:$A,0))) -> 145 | G5: =IF(B5="","",INDEX(Resumo_NUTSIII!$F:$F,MATCH(B5,Resumo_NUTSIII!$A:$A,0))) -> 415 | H5: =IF(B5="","",INDEX(Resumo_NUTSIII!$G:$G,MATCH(B5,Resumo_NUTSIII!$A:$A,0))) -> 505 | I5: =IF(B5="","",INDEX(Resumo_NUTSIII!$H:$H,MATCH(B5,Resumo_NUTSIII!$A:$A,0))) -> 225 | J5: =IF(B5="","",INDEX(Resumo_NUTSIII!$I:$I,MATCH(B5,Resumo_NUTSIII!$A:$A,0))) -> 505 | K5: =IF(B5="","",INDEX(Resumo_NUTSIII!$J:$J,MATCH(B5,Resumo_NUTSIII!$A:$A,0))) -> 246 | L5: =IF(B5="","",INDEX(Resumo_NUTSIII!$K:$K,MATCH(B5,Resumo_NUTSIII!$A:$A,0))) -> 5.3
A6: Castelo de Vide | B6: Alto Alentejo | C6: =IF(B6="","",INDEX(Resumo_NUTSIII!$B:$B,MATCH(B6,Resumo_NUTSIII!$A:$A,0))) -> 1221 | D6: =IF(B6="","",INDEX(Resumo_NUTSIII!$C:$C,MATCH(B6,Resumo_NUTSIII!$A:$A,0))) -> 9.6 | E6: =IF(B6="","",INDEX(Resumo_NUTSIII!$D:$D,MATCH(B6,Resumo_NUTSIII!$A:$A,0))) -> 24.5 | F6: =IF(B6="","",INDEX(Resumo_NUTSIII!$E:$E,MATCH(B6,Resumo_NUTSIII!$A:$A,0))) -> 145 | G6: =IF(B6="","",INDEX(Resumo_NUTSIII!$F:$F,MATCH(B6,Resumo_NUTSIII!$A:$A,0))) -> 415 | H6: =IF(B6="","",INDEX(Resumo_NUTSIII!$G:$G,MATCH(B6,Resumo_NUTSIII!$A:$A,0))) -> 505 | I6: =IF(B6="","",INDEX(Resumo_NUTSIII!$H:$H,MATCH(B6,Resumo_NUTSIII!$A:$A,0))) -> 225 | J6: =IF(B6="","",INDEX(Resumo_NUTSIII!$I:$I,MATCH(B6,Resumo_NUTSIII!$A:$A,0))) -> 505 | K6: =IF(B6="","",INDEX(Resumo_NUTSIII!$J:$J,MATCH(B6,Resumo_NUTSIII!$A:$A,0))) -> 246 | L6: =IF(B6="","",INDEX(Resumo_NUTSIII!$K:$K,MATCH(B6,Resumo_NUTSIII!$A:$A,0))) -> 5.3
A7: Crato | B7: Alto Alentejo | C7: =IF(B7="","",INDEX(Resumo_NUTSIII!$B:$B,MATCH(B7,Resumo_NUTSIII!$A:$A,0))) -> 1221 | D7: =IF(B7="","",INDEX(Resumo_NUTSIII!$C:$C,MATCH(B7,Resumo_NUTSIII!$A:$A,0))) -> 9.6 | E7: =IF(B7="","",INDEX(Resumo_NUTSIII!$D:$D,MATCH(B7,Resumo_NUTSIII!$A:$A,0))) -> 24.5 | F7: =IF(B7="","",INDEX(Resumo_NUTSIII!$E:$E,MATCH(B7,Resumo_NUTSIII!$A:$A,0))) -> 145 | G7: =IF(B7="","",INDEX(Resumo_NUTSIII!$F:$F,MATCH(B7,Resumo_NUTSIII!$A:$A,0))) -> 415 | H7: =IF(B7="","",INDEX(Resumo_NUTSIII!$G:$G,MATCH(B7,Resumo_NUTSIII!$A:$A,0))) -> 505 | I7: =IF(B7="","",INDEX(Resumo_NUTSIII!$H:$H,MATCH(B7,Resumo_NUTSIII!$A:$A,0))) -> 225 | J7: =IF(B7="","",INDEX(Resumo_NUTSIII!$I:$I,MATCH(B7,Resumo_NUTSIII!$A:$A,0))) -> 505 | K7: =IF(B7="","",INDEX(Resumo_NUTSIII!$J:$J,MATCH(B7,Resumo_NUTSIII!$A:$A,0))) -> 246 | L7: =IF(B7="","",INDEX(Resumo_NUTSIII!$K:$K,MATCH(B7,Resumo_NUTSIII!$A:$A,0))) -> 5.3
A8: Elvas | B8: Alto Alentejo | C8: =IF(B8="","",INDEX(Resumo_NUTSIII!$B:$B,MATCH(B8,Resumo_NUTSIII!$A:$A,0))) -> 1221 | D8: =IF(B8="","",INDEX(Resumo_NUTSIII!$C:$C,MATCH(B8,Resumo_NUTSIII!$A:$A,0))) -> 9.6 | E8: =IF(B8="","",INDEX(Resumo_NUTSIII!$D:$D,MATCH(B8,Resumo_NUTSIII!$A:$A,0))) -> 24.5 | F8: =IF(B8="","",INDEX(Resumo_NUTSIII!$E:$E,MATCH(B8,Resumo_NUTSIII!$A:$A,0))) -> 145 | G8: =IF(B8="","",INDEX(Resumo_NUTSIII!$F:$F,MATCH(B8,Resumo_NUTSIII!$A:$A,0))) -> 415 | H8: =IF(B8="","",INDEX(Resumo_NUTSIII!$G:$G,MATCH(B8,Resumo_NUTSIII!$A:$A,0))) -> 505 | I8: =IF(B8="","",INDEX(Resumo_NUTSIII!$H:$H,MATCH(B8,Resumo_NUTSIII!$A:$A,0))) -> 225 | J8: =IF(B8="","",INDEX(Resumo_NUTSIII!$I:$I,MATCH(B8,Resumo_NUTSIII!$A:$A,0))) -> 505 | K8: =IF(B8="","",INDEX(Resumo_NUTSIII!$J:$J,MATCH(B8,Resumo_NUTSIII!$A:$A,0))) -> 246 | L8: =IF(B8="","",INDEX(Resumo_NUTSIII!$K:$K,MATCH(B8,Resumo_NUTSIII!$A:$A,0))) -> 5.3
A9: Fronteira | B9: Alto Alentejo | C9: =IF(B9="","",INDEX(Resumo_NUTSIII!$B:$B,MATCH(B9,Resumo_NUTSIII!$A:$A,0))) -> 1221 | D9: =IF(B9="","",INDEX(Resumo_NUTSIII!$C:$C,MATCH(B9,Resumo_NUTSIII!$A:$A,0))) -> 9.6 | E9: =IF(B9="","",INDEX(Resumo_NUTSIII!$D:$D,MATCH(B9,Resumo_NUTSIII!$A:$A,0))) -> 24.5 | F9: =IF(B9="","",INDEX(Resumo_NUTSIII!$E:$E,MATCH(B9,Resumo_NUTSIII!$A:$A,0))) -> 145 | G9: =IF(B9="","",INDEX(Resumo_NUTSIII!$F:$F,MATCH(B9,Resumo_NUTSIII!$A:$A,0))) -> 415 | H9: =IF(B9="","",INDEX(Resumo_NUTSIII!$G:$G,MATCH(B9,Resumo_NUTSIII!$A:$A,0))) -> 505 | I9: =IF(B9="","",INDEX(Resumo_NUTSIII!$H:$H,MATCH(B9,Resumo_NUTSIII!$A:$A,0))) -> 225 | J9: =IF(B9="","",INDEX(Resumo_NUTSIII!$I:$I,MATCH(B9,Resumo_NUTSIII!$A:$A,0))) -> 505 | K9: =IF(B9="","",INDEX(Resumo_NUTSIII!$J:$J,MATCH(B9,Resumo_NUTSIII!$A:$A,0))) -> 246 | L9: =IF(B9="","",INDEX(Resumo_NUTSIII!$K:$K,MATCH(B9,Resumo_NUTSIII!$A:$A,0))) -> 5.3
A10: Gavião | B10: Alto Alentejo | C10: =IF(B10="","",INDEX(Resumo_NUTSIII!$B:$B,MATCH(B10,Resumo_NUTSIII!$A:$A,0))) -> 1221 | D10: =IF(B10="","",INDEX(Resumo_NUTSIII!$C:$C,MATCH(B10,Resumo_NUTSIII!$A:$A,0))) -> 9.6 | E10: =IF(B10="","",INDEX(Resumo_NUTSIII!$D:$D,MATCH(B10,Resumo_NUTSIII!$A:$A,0))) -> 24.5 | F10: =IF(B10="","",INDEX(Resumo_NUTSIII!$E:$E,MATCH(B10,Resumo_NUTSIII!$A:$A,0))) -> 145 | G10: =IF(B10="","",INDEX(Resumo_NUTSIII!$F:$F,MATCH(B10,Resumo_NUTSIII!$A:$A,0))) -> 415 | H10: =IF(B10="","",INDEX(Resumo_NUTSIII!$G:$G,MATCH(B10,Resumo_NUTSIII!$A:$A,0))) -> 505 | I10: =IF(B10="","",INDEX(Resumo_NUTSIII!$H:$H,MATCH(B10,Resumo_NUTSIII!$A:$A,0))) -> 225 | J10: =IF(B10="","",INDEX(Resumo_NUTSIII!$I:$I,MATCH(B10,Resumo_NUTSIII!$A:$A,0))) -> 505 | K10: =IF(B10="","",INDEX(Resumo_NUTSIII!$J:$J,MATCH(B10,Resumo_NUTSIII!$A:$A,0))) -> 246 | L10: =IF(B10="","",INDEX(Resumo_NUTSIII!$K:$K,MATCH(B10,Resumo_NUTSIII!$A:$A,0))) -> 5.3
A11: Marvão | B11: Alto Alentejo | C11: =IF(B11="","",INDEX(Resumo_NUTSIII!$B:$B,MATCH(B11,Resumo_NUTSIII!$A:$A,0))) -> 1221 | D11: =IF(B11="","",INDEX(Resumo_NUTSIII!$C:$C,MATCH(B11,Resumo_NUTSIII!$A:$A,0))) -> 9.6 | E11: =IF(B11="","",INDEX(Resumo_NUTSIII!$D:$D,MATCH(B11,Resumo_NUTSIII!$A:$A,0))) -> 24.5 | F11: =IF(B11="","",INDEX(Resumo_NUTSIII!$E:$E,MATCH(B11,Resumo_NUTSIII!$A:$A,0))) -> 145 | G11: =IF(B11="","",INDEX(Resumo_NUTSIII!$F:$F,MATCH(B11,Resumo_NUTSIII!$A:$A,0))) -> 415 | H11: =IF(B11="","",INDEX(Resumo_NUTSIII!$G:$G,MATCH(B11,Resumo_NUTSIII!$A:$A,0))) -> 505 | I11: =IF(B11="","",INDEX(Resumo_NUTSIII!$H:$H,MATCH(B11,Resumo_NUTSIII!$A:$A,0))) -> 225 | J11: =IF(B11="","",INDEX(Resumo_NUTSIII!$I:$I,MATCH(B11,Resumo_NUTSIII!$A:$A,0))) -> 505 | K11: =IF(B11="","",INDEX(Resumo_NUTSIII!$J:$J,MATCH(B11,Resumo_NUTSIII!$A:$A,0))) -> 246 | L11: =IF(B11="","",INDEX(Resumo_NUTSIII!$K:$K,MATCH(B11,Resumo_NUTSIII!$A:$A,0))) -> 5.3
A12: Monforte | B12: Alto Alentejo | C12: =IF(B12="","",INDEX(Resumo_NUTSIII!$B:$B,MATCH(B12,Resumo_NUTSIII!$A:$A,0))) -> 1221 | D12: =IF(B12="","",INDEX(Resumo_NUTSIII!$C:$C,MATCH(B12,Resumo_NUTSIII!$A:$A,0))) -> 9.6 | E12: =IF(B12="","",INDEX(Resumo_NUTSIII!$D:$D,MATCH(B12,Resumo_NUTSIII!$A:$A,0))) -> 24.5 | F12: =IF(B12="","",INDEX(Resumo_NUTSIII!$E:$E,MATCH(B12,Resumo_NUTSIII!$A:$A,0))) -> 145 | G12: =IF(B12="","",INDEX(Resumo_NUTSIII!$F:$F,MATCH(B12,Resumo_NUTSIII!$A:$A,0))) -> 415 | H12: =IF(B12="","",INDEX(Resumo_NUTSIII!$G:$G,MATCH(B12,Resumo_NUTSIII!$A:$A,0))) -> 505 | I12: =IF(B12="","",INDEX(Resumo_NUTSIII!$H:$H,MATCH(B12,Resumo_NUTSIII!$A:$A,0))) -> 225 | J12: =IF(B12="","",INDEX(Resumo_NUTSIII!$I:$I,MATCH(B12,Resumo_NUTSIII!$A:$A,0))) -> 505 | K12: =IF(B12="","",INDEX(Resumo_NUTSIII!$J:$J,MATCH(B12,Resumo_NUTSIII!$A:$A,0))) -> 246 | L12: =IF(B12="","",INDEX(Resumo_NUTSIII!$K:$K,MATCH(B12,Resumo_NUTSIII!$A:$A,0))) -> 5.3
A13: Nisa | B13: Alto Alentejo | C13: =IF(B13="","",INDEX(Resumo_NUTSIII!$B:$B,MATCH(B13,Resumo_NUTSIII!$A:$A,0))) -> 1221 | D13: =IF(B13="","",INDEX(Resumo_NUTSIII!$C:$C,MATCH(B13,Resumo_NUTSIII!$A:$A,0))) -> 9.6 | E13: =IF(B13="","",INDEX(Resumo_NUTSIII!$D:$D,MATCH(B13,Resumo_NUTSIII!$A:$A,0))) -> 24.5 | F13: =IF(B13="","",INDEX(Resumo_NUTSIII!$E:$E,MATCH(B13,Resumo_NUTSIII!$A:$A,0))) -> 145 | G13: =IF(B13="","",INDEX(Resumo_NUTSIII!$F:$F,MATCH(B13,Resumo_NUTSIII!$A:$A,0))) -> 415 | H13: =IF(B13="","",INDEX(Resumo_NUTSIII!$G:$G,MATCH(B13,Resumo_NUTSIII!$A:$A,0))) -> 505 | I13: =IF(B13="","",INDEX(Resumo_NUTSIII!$H:$H,MATCH(B13,Resumo_NUTSIII!$A:$A,0))) -> 225 | J13: =IF(B13="","",INDEX(Resumo_NUTSIII!$I:$I,MATCH(B13,Resumo_NUTSIII!$A:$A,0))) -> 505 | K13: =IF(B13="","",INDEX(Resumo_NUTSIII!$J:$J,MATCH(B13,Resumo_NUTSIII!$A:$A,0))) -> 246 | L13: =IF(B13="","",INDEX(Resumo_NUTSIII!$K:$K,MATCH(B13,Resumo_NUTSIII!$A:$A,0))) -> 5.3
... A16: Sousel | B16: Alto Alentejo | C16: =IF(B16="","",INDEX(Resumo_NUTSIII!$B:$B,MATCH(B16,Resumo_NUTSIII!$A:$A,0))) -> 1221 | D16: =IF(B16="","",INDEX(Resumo_NUTSIII!$C:$C,MATCH(B16,Resumo_NUTSIII!$A:$A,0))) -> 9.6 | E16: =IF(B16="","",INDEX(Resumo_NUTSIII!$D:$D,MATCH(B16,Resumo_NUTSIII!$A:$A,0))) -> 24.5 | F16: =IF(B16="","",INDEX(Resumo_NUTSIII!$E:$E,MATCH(B16,Resumo_NUTSIII!$A:$A,0))) -> 145 | G16: =IF(B16="","",INDEX(Resumo_NUTSIII!$F:$F,MATCH(B16,Resumo_NUTSIII!$A:$A,0))) -> 415 | H16: =IF(B16="","",INDEX(Resumo_NUTSIII!$G:$G,MATCH(B16,Resumo_NUTSIII!$A:$A,0))) -> 505 | I16: =IF(B16="","",INDEX(Resumo_NUTSIII!$H:$H,MATCH(B16,Resumo_NUTSIII!$A:$A,0))) -> 225 | J16: =IF(B16="","",INDEX(Resumo_NUTSIII!$I:$I,MATCH(B16,Resumo_NUTSIII!$A:$A,0))) -> 505 | K16: =IF(B16="","",INDEX(Resumo_NUTSIII!$J:$J,MATCH(B16,Resumo_NUTSIII!$A:$A,0))) -> 246 | L16: =IF(B16="","",INDEX(Resumo_NUTSIII!$K:$K,MATCH(B16,Resumo_NUTSIII!$A:$A,0))) -> 5.3
L17: =IF(B17="","",INDEX(Resumo_NUTSIII!$K:$K,MATCH(B17,Resumo_NUTSIII!$A:$A,0)))
L18: =IF(B18="","",INDEX(Resumo_NUTSIII!$K:$K,MATCH(B18,Resumo_NUTSIII!$A:$A,0)))
L19: =IF(B19="","",INDEX(Resumo_NUTSIII!$K:$K,MATCH(B19,Resumo_NUTSIII!$A:$A,0)))
L20: =IF(B20="","",INDEX(Resumo_NUTSIII!$K:$K,MATCH(B20,Resumo_NUTSIII!$A:$A,0)))

Sheet Porto
A1: Concelho | B1: NUTS III correta | C1: GD_REF | D1: theta_inv_REF | E1: theta_ver_REF | F1: G_inv_sul_kWhm2mes | G1: G_verao_S_kWhm2mes | H1: G_verao_O_kWhm2mes | I1: G_verao_N_kWhm2mes | J1: G_verao_E_kWhm2mes | K1: z_REF_m | L1: Mref
A2: Amarante | B2: Tamega | C2: =IF(B2="","",INDEX(Resumo_NUTSIII!$B:$B,MATCH(B2,Resumo_NUTSIII!$A:$A,0))) -> 1570 | D2: =IF(B2="","",INDEX(Resumo_NUTSIII!$C:$C,MATCH(B2,Resumo_NUTSIII!$A:$A,0))) -> 7.8 | E2: =IF(B2="","",INDEX(Resumo_NUTSIII!$D:$D,MATCH(B2,Resumo_NUTSIII!$A:$A,0))) -> 21.4 | F2: =IF(B2="","",INDEX(Resumo_NUTSIII!$E:$E,MATCH(B2,Resumo_NUTSIII!$A:$A,0))) -> 135 | G2: =IF(B2="","",INDEX(Resumo_NUTSIII!$F:$F,MATCH(B2,Resumo_NUTSIII!$A:$A,0))) -> 425 | H2: =IF(B2="","",INDEX(Resumo_NUTSIII!$G:$G,MATCH(B2,Resumo_NUTSIII!$A:$A,0))) -> 490 | I2: =IF(B2="","",INDEX(Resumo_NUTSIII!$H:$H,MATCH(B2,Resumo_NUTSIII!$A:$A,0))) -> 220 | J2: =IF(B2="","",INDEX(Resumo_NUTSIII!$I:$I,MATCH(B2,Resumo_NUTSIII!$A:$A,0))) -> 490 | K2: =IF(B2="","",INDEX(Resumo_NUTSIII!$J:$J,MATCH(B2,Resumo_NUTSIII!$A:$A,0))) -> 320 | L2: =IF(B2="","",INDEX(Resumo_NUTSIII!$K:$K,MATCH(B2,Resumo_NUTSIII!$A:$A,0))) -> 6.7
A3: Baiao | B3: Tamega | C3: =IF(B3="","",INDEX(Resumo_NUTSIII!$B:$B,MATCH(B3,Resumo_NUTSIII!$A:$A,0))) -> 1570 | D3: =IF(B3="","",INDEX(Resumo_NUTSIII!$C:$C,MATCH(B3,Resumo_NUTSIII!$A:$A,0))) -> 7.8 | E3: =IF(B3="","",INDEX(Resumo_NUTSIII!$D:$D,MATCH(B3,Resumo_NUTSIII!$A:$A,0))) -> 21.4 | F3: =IF(B3="","",INDEX(Resumo_NUTSIII!$E:$E,MATCH(B3,Resumo_NUTSIII!$A:$A,0))) -> 135 | G3: =IF(B3="","",INDEX(Resumo_NUTSIII!$F:$F,MATCH(B3,Resumo_NUTSIII!$A:$A,0))) -> 425 | H3: =IF(B3="","",INDEX(Resumo_NUTSIII!$G:$G,MATCH(B3,Resumo_NUTSIII!$A:$A,0))) -> 490 | I3: =IF(B3="","",INDEX(Resumo_NUTSIII!$H:$H,MATCH(B3,Resumo_NUTSIII!$A:$A,0))) -> 220 | J3: =IF(B3="","",INDEX(Resumo_NUTSIII!$I:$I,MATCH(B3,Resumo_NUTSIII!$A:$A,0))) -> 490 | K3: =IF(B3="","",INDEX(Resumo_NUTSIII!$J:$J,MATCH(B3,Resumo_NUTSIII!$A:$A,0))) -> 320 | L3: =IF(B3="","",INDEX(Resumo_NUTSIII!$K:$K,MATCH(B3,Resumo_NUTSIII!$A:$A,0))) -> 6.7
A4: Felgueiras | B4: Tamega | C4: =IF(B4="","",INDEX(Resumo_NUTSIII!$B:$B,MATCH(B4,Resumo_NUTSIII!$A:$A,0))) -> 1570 | D4: =IF(B4="","",INDEX(Resumo_NUTSIII!$C:$C,MATCH(B4,Resumo_NUTSIII!$A:$A,0))) -> 7.8 | E4: =IF(B4="","",INDEX(Resumo_NUTSIII!$D:$D,MATCH(B4,Resumo_NUTSIII!$A:$A,0))) -> 21.4 | F4: =IF(B4="","",INDEX(Resumo_NUTSIII!$E:$E,MATCH(B4,Resumo_NUTSIII!$A:$A,0))) -> 135 | G4: =IF(B4="","",INDEX(Resumo_NUTSIII!$F:$F,MATCH(B4,Resumo_NUTSIII!$A:$A,0))) -> 425 | H4: =IF(B4="","",INDEX(Resumo_NUTSIII!$G:$G,MATCH(B4,Resumo_NUTSIII!$A:$A,0))) -> 490 | I4: =IF(B4="","",INDEX(Resumo_NUTSIII!$H:$H,MATCH(B4,Resumo_NUTSIII!$A:$A,0))) -> 220 | J4: =IF(B4="","",INDEX(Resumo_NUTSIII!$I:$I,MATCH(B4,Resumo_NUTSIII!$A:$A,0))) -> 490 | K4: =IF(B4="","",INDEX(Resumo_NUTSIII!$J:$J,MATCH(B4,Resumo_NUTSIII!$A:$A,0))) -> 320 | L4: =IF(B4="","",INDEX(Resumo_NUTSIII!$K:$K,MATCH(B4,Resumo_NUTSIII!$A:$A,0))) -> 6.7
A5: Gondomar | B5: Grande Porto | C5: =IF(B5="","",INDEX(Resumo_NUTSIII!$B:$B,MATCH(B5,Resumo_NUTSIII!$A:$A,0))) -> 1250 | D5: =IF(B5="","",INDEX(Resumo_NUTSIII!$C:$C,MATCH(B5,Resumo_NUTSIII!$A:$A,0))) -> 9.9 | E5: =IF(B5="","",INDEX(Resumo_NUTSIII!$D:$D,MATCH(B5,Resumo_NUTSIII!$A:$A,0))) -> 20.9 | F5: =IF(B5="","",INDEX(Resumo_NUTSIII!$E:$E,MATCH(B5,Resumo_NUTSIII!$A:$A,0))) -> 130 | G5: =IF(B5="","",INDEX(Resumo_NUTSIII!$F:$F,MATCH(B5,Resumo_NUTSIII!$A:$A,0))) -> 425 | H5: =IF(B5="","",INDEX(Resumo_NUTSIII!$G:$G,MATCH(B5,Resumo_NUTSIII!$A:$A,0))) -> 490 | I5: =IF(B5="","",INDEX(Resumo_NUTSIII!$H:$H,MATCH(B5,Resumo_NUTSIII!$A:$A,0))) -> 220 | J5: =IF(B5="","",INDEX(Resumo_NUTSIII!$I:$I,MATCH(B5,Resumo_NUTSIII!$A:$A,0))) -> 490 | K5: =IF(B5="","",INDEX(Resumo_NUTSIII!$J:$J,MATCH(B5,Resumo_NUTSIII!$A:$A,0))) -> 94 | L5: =IF(B5="","",INDEX(Resumo_NUTSIII!$K:$K,MATCH(B5,Resumo_NUTSIII!$A:$A,0))) -> 6.2
A6: Lousada | B6: Tamega | C6: =IF(B6="","",INDEX(Resumo_NUTSIII!$B:$B,MATCH(B6,Resumo_NUTSIII!$A:$A,0))) -> 1570 | D6: =IF(B6="","",INDEX(Resumo_NUTSIII!$C:$C,MATCH(B6,Resumo_NUTSIII!$A:$A,0))) -> 7.8 | E6: =IF(B6="","",INDEX(Resumo_NUTSIII!$D:$D,MATCH(B6,Resumo_NUTSIII!$A:$A,0))) -> 21.4 | F6: =IF(B6="","",INDEX(Resumo_NUTSIII!$E:$E,MATCH(B6,Resumo_NUTSIII!$A:$A,0))) -> 135 | G6: =IF(B6="","",INDEX(Resumo_NUTSIII!$F:$F,MATCH(B6,Resumo_NUTSIII!$A:$A,0))) -> 425 | H6: =IF(B6="","",INDEX(Resumo_NUTSIII!$G:$G,MATCH(B6,Resumo_NUTSIII!$A:$A,0))) -> 490 | I6: =IF(B6="","",INDEX(Resumo_NUTSIII!$H:$H,MATCH(B6,Resumo_NUTSIII!$A:$A,0))) -> 220 | J6: =IF(B6="","",INDEX(Resumo_NUTSIII!$I:$I,MATCH(B6,Resumo_NUTSIII!$A:$A,0))) -> 490 | K6: =IF(B6="","",INDEX(Resumo_NUTSIII!$J:$J,MATCH(B6,Resumo_NUTSIII!$A:$A,0))) -> 320 | L6: =IF(B6="","",INDEX(Resumo_NUTSIII!$K:$K,MATCH(B6,Resumo_NUTSIII!$A:$A,0))) -> 6.7
A7: Maia | B7: Grande Porto | C7: =IF(B7="","",INDEX(Resumo_NUTSIII!$B:$B,MATCH(B7,Resumo_NUTSIII!$A:$A,0))) -> 1250 | D7: =IF(B7="","",INDEX(Resumo_NUTSIII!$C:$C,MATCH(B7,Resumo_NUTSIII!$A:$A,0))) -> 9.9 | E7: =IF(B7="","",INDEX(Resumo_NUTSIII!$D:$D,MATCH(B7,Resumo_NUTSIII!$A:$A,0))) -> 20.9 | F7: =IF(B7="","",INDEX(Resumo_NUTSIII!$E:$E,MATCH(B7,Resumo_NUTSIII!$A:$A,0))) -> 130 | G7: =IF(B7="","",INDEX(Resumo_NUTSIII!$F:$F,MATCH(B7,Resumo_NUTSIII!$A:$A,0))) -> 425 | H7: =IF(B7="","",INDEX(Resumo_NUTSIII!$G:$G,MATCH(B7,Resumo_NUTSIII!$A:$A,0))) -> 490 | I7: =IF(B7="","",INDEX(Resumo_NUTSIII!$H:$H,MATCH(B7,Resumo_NUTSIII!$A:$A,0))) -> 220 | J7: =IF(B7="","",INDEX(Resumo_NUTSIII!$I:$I,MATCH(B7,Resumo_NUTSIII!$A:$A,0))) -> 490 | K7: =IF(B7="","",INDEX(Resumo_NUTSIII!$J:$J,MATCH(B7,Resumo_NUTSIII!$A:$A,0))) -> 94 | L7: =IF(B7="","",INDEX(Resumo_NUTSIII!$K:$K,MATCH(B7,Resumo_NUTSIII!$A:$A,0))) -> 6.2
A8: Marco de Canaveses | B8: Tamega | C8: =IF(B8="","",INDEX(Resumo_NUTSIII!$B:$B,MATCH(B8,Resumo_NUTSIII!$A:$A,0))) -> 1570 | D8: =IF(B8="","",INDEX(Resumo_NUTSIII!$C:$C,MATCH(B8,Resumo_NUTSIII!$A:$A,0))) -> 7.8 | E8: =IF(B8="","",INDEX(Resumo_NUTSIII!$D:$D,MATCH(B8,Resumo_NUTSIII!$A:$A,0))) -> 21.4 | F8: =IF(B8="","",INDEX(Resumo_NUTSIII!$E:$E,MATCH(B8,Resumo_NUTSIII!$A:$A,0))) -> 135 | G8: =IF(B8="","",INDEX(Resumo_NUTSIII!$F:$F,MATCH(B8,Resumo_NUTSIII!$A:$A,0))) -> 425 | H8: =IF(B8="","",INDEX(Resumo_NUTSIII!$G:$G,MATCH(B8,Resumo_NUTSIII!$A:$A,0))) -> 490 | I8: =IF(B8="","",INDEX(Resumo_NUTSIII!$H:$H,MATCH(B8,Resumo_NUTSIII!$A:$A,0))) -> 220 | J8: =IF(B8="","",INDEX(Resumo_NUTSIII!$I:$I,MATCH(B8,Resumo_NUTSIII!$A:$A,0))) -> 490 | K8: =IF(B8="","",INDEX(Resumo_NUTSIII!$J:$J,MATCH(B8,Resumo_NUTSIII!$A:$A,0))) -> 320 | L8: =IF(B8="","",INDEX(Resumo_NUTSIII!$K:$K,MATCH(B8,Resumo_NUTSIII!$A:$A,0))) -> 6.7
A9: Matosinhos | B9: Grande Porto | C9: =IF(B9="","",INDEX(Resumo_NUTSIII!$B:$B,MATCH(B9,Resumo_NUTSIII!$A:$A,0))) -> 1250 | D9: =IF(B9="","",INDEX(Resumo_NUTSIII!$C:$C,MATCH(B9,Resumo_NUTSIII!$A:$A,0))) -> 9.9 | E9: =IF(B9="","",INDEX(Resumo_NUTSIII!$D:$D,MATCH(B9,Resumo_NUTSIII!$A:$A,0))) -> 20.9 | F9: =IF(B9="","",INDEX(Resumo_NUTSIII!$E:$E,MATCH(B9,Resumo_NUTSIII!$A:$A,0))) -> 130 | G9: =IF(B9="","",INDEX(Resumo_NUTSIII!$F:$F,MATCH(B9,Resumo_NUTSIII!$A:$A,0))) -> 425 | H9: =IF(B9="","",INDEX(Resumo_NUTSIII!$G:$G,MATCH(B9,Resumo_NUTSIII!$A:$A,0))) -> 490 | I9: =IF(B9="","",INDEX(Resumo_NUTSIII!$H:$H,MATCH(B9,Resumo_NUTSIII!$A:$A,0))) -> 220 | J9: =IF(B9="","",INDEX(Resumo_NUTSIII!$I:$I,MATCH(B9,Resumo_NUTSIII!$A:$A,0))) -> 490 | K9: =IF(B9="","",INDEX(Resumo_NUTSIII!$J:$J,MATCH(B9,Resumo_NUTSIII!$A:$A,0))) -> 94 | L9: =IF(B9="","",INDEX(Resumo_NUTSIII!$K:$K,MATCH(B9,Resumo_NUTSIII!$A:$A,0))) -> 6.2
A10: Pacos de Ferreira | B10: Tamega | C10: =IF(B10="","",INDEX(Resumo_NUTSIII!$B:$B,MATCH(B10,Resumo_NUTSIII!$A:$A,0))) -> 1570 | D10: =IF(B10="","",INDEX(Resumo_NUTSIII!$C:$C,MATCH(B10,Resumo_NUTSIII!$A:$A,0))) -> 7.8 | E10: =IF(B10="","",INDEX(Resumo_NUTSIII!$D:$D,MATCH(B10,Resumo_NUTSIII!$A:$A,0))) -> 21.4 | F10: =IF(B10="","",INDEX(Resumo_NUTSIII!$E:$E,MATCH(B10,Resumo_NUTSIII!$A:$A,0))) -> 135 | G10: =IF(B10="","",INDEX(Resumo_NUTSIII!$F:$F,MATCH(B10,Resumo_NUTSIII!$A:$A,0))) -> 425 | H10: =IF(B10="","",INDEX(Resumo_NUTSIII!$G:$G,MATCH(B10,Resumo_NUTSIII!$A:$A,0))) -> 490 | I10: =IF(B10="","",INDEX(Resumo_NUTSIII!$H:$H,MATCH(B10,Resumo_NUTSIII!$A:$A,0))) -> 220 | J10: =IF(B10="","",INDEX(Resumo_NUTSIII!$I:$I,MATCH(B10,Resumo_NUTSIII!$A:$A,0))) -> 490 | K10: =IF(B10="","",INDEX(Resumo_NUTSIII!$J:$J,MATCH(B10,Resumo_NUTSIII!$A:$A,0))) -> 320 | L10: =IF(B10="","",INDEX(Resumo_NUTSIII!$K:$K,MATCH(B10,Resumo_NUTSIII!$A:$A,0))) -> 6.7
A11: Paredes | B11: Tamega | C11: =IF(B11="","",INDEX(Resumo_NUTSIII!$B:$B,MATCH(B11,Resumo_NUTSIII!$A:$A,0))) -> 1570 | D11: =IF(B11="","",INDEX(Resumo_NUTSIII!$C:$C,MATCH(B11,Resumo_NUTSIII!$A:$A,0))) -> 7.8 | E11: =IF(B11="","",INDEX(Resumo_NUTSIII!$D:$D,MATCH(B11,Resumo_NUTSIII!$A:$A,0))) -> 21.4 | F11: =IF(B11="","",INDEX(Resumo_NUTSIII!$E:$E,MATCH(B11,Resumo_NUTSIII!$A:$A,0))) -> 135 | G11: =IF(B11="","",INDEX(Resumo_NUTSIII!$F:$F,MATCH(B11,Resumo_NUTSIII!$A:$A,0))) -> 425 | H11: =IF(B11="","",INDEX(Resumo_NUTSIII!$G:$G,MATCH(B11,Resumo_NUTSIII!$A:$A,0))) -> 490 | I11: =IF(B11="","",INDEX(Resumo_NUTSIII!$H:$H,MATCH(B11,Resumo_NUTSIII!$A:$A,0))) -> 220 | J11: =IF(B11="","",INDEX(Resumo_NUTSIII!$I:$I,MATCH(B11,Resumo_NUTSIII!$A:$A,0))) -> 490 | K11: =IF(B11="","",INDEX(Resumo_NUTSIII!$J:$J,MATCH(B11,Resumo_NUTSIII!$A:$A,0))) -> 320 | L11: =IF(B11="","",INDEX(Resumo_NUTSIII!$K:$K,MATCH(B11,Resumo_NUTSIII!$A:$A,0))) -> 6.7
A12: Penafiel | B12: Tamega | C12: =IF(B12="","",INDEX(Resumo_NUTSIII!$B:$B,MATCH(B12,Resumo_NUTSIII!$A:$A,0))) -> 1570 | D12: =IF(B12="","",INDEX(Resumo_NUTSIII!$C:$C,MATCH(B12,Resumo_NUTSIII!$A:$A,0))) -> 7.8 | E12: =IF(B12="","",INDEX(Resumo_NUTSIII!$D:$D,MATCH(B12,Resumo_NUTSIII!$A:$A,0))) -> 21.4 | F12: =IF(B12="","",INDEX(Resumo_NUTSIII!$E:$E,MATCH(B12,Resumo_NUTSIII!$A:$A,0))) -> 135 | G12: =IF(B12="","",INDEX(Resumo_NUTSIII!$F:$F,MATCH(B12,Resumo_NUTSIII!$A:$A,0))) -> 425 | H12: =IF(B12="","",INDEX(Resumo_NUTSIII!$G:$G,MATCH(B12,Resumo_NUTSIII!$A:$A,0))) -> 490 | I12: =IF(B12="","",INDEX(Resumo_NUTSIII!$H:$H,MATCH(B12,Resumo_NUTSIII!$A:$A,0))) -> 220 | J12: =IF(B12="","",INDEX(Resumo_NUTSIII!$I:$I,MATCH(B12,Resumo_NUTSIII!$A:$A,0))) -> 490 | K12: =IF(B12="","",INDEX(Resumo_NUTSIII!$J:$J,MATCH(B12,Resumo_NUTSIII!$A:$A,0))) -> 320 | L12: =IF(B12="","",INDEX(Resumo_NUTSIII!$K:$K,MATCH(B12,Resumo_NUTSIII!$A:$A,0))) -> 6.7
A13: Porto | B13: Grande Porto | C13: =IF(B13="","",INDEX(Resumo_NUTSIII!$B:$B,MATCH(B13,Resumo_NUTSIII!$A:$A,0))) -> 1250 | D13: =IF(B13="","",INDEX(Resumo_NUTSIII!$C:$C,MATCH(B13,Resumo_NUTSIII!$A:$A,0))) -> 9.9 | E13: =IF(B13="","",INDEX(Resumo_NUTSIII!$D:$D,MATCH(B13,Resumo_NUTSIII!$A:$A,0))) -> 20.9 | F13: =IF(B13="","",INDEX(Resumo_NUTSIII!$E:$E,MATCH(B13,Resumo_NUTSIII!$A:$A,0))) -> 130 | G13: =IF(B13="","",INDEX(Resumo_NUTSIII!$F:$F,MATCH(B13,Resumo_NUTSIII!$A:$A,0))) -> 425 | H13: =IF(B13="","",INDEX(Resumo_NUTSIII!$G:$G,MATCH(B13,Resumo_NUTSIII!$A:$A,0))) -> 490 | I13: =IF(B13="","",INDEX(Resumo_NUTSIII!$H:$H,MATCH(B13,Resumo_NUTSIII!$A:$A,0))) -> 220 | J13: =IF(B13="","",INDEX(Resumo_NUTSIII!$I:$I,MATCH(B13,Resumo_NUTSIII!$A:$A,0))) -> 490 | K13: =IF(B13="","",INDEX(Resumo_NUTSIII!$J:$J,MATCH(B13,Resumo_NUTSIII!$A:$A,0))) -> 94 | L13: =IF(B13="","",INDEX(Resumo_NUTSIII!$K:$K,MATCH(B13,Resumo_NUTSIII!$A:$A,0))) -> 6.2
... A18: Vila Nova de Gaia | B18: Grande Porto | C18: =IF(B18="","",INDEX(Resumo_NUTSIII!$B:$B,MATCH(B18,Resumo_NUTSIII!$A:$A,0))) -> 1250 | D18: =IF(B18="","",INDEX(Resumo_NUTSIII!$C:$C,MATCH(B18,Resumo_NUTSIII!$A:$A,0))) -> 9.9 | E18: =IF(B18="","",INDEX(Resumo_NUTSIII!$D:$D,MATCH(B18,Resumo_NUTSIII!$A:$A,0))) -> 20.9 | F18: =IF(B18="","",INDEX(Resumo_NUTSIII!$E:$E,MATCH(B18,Resumo_NUTSIII!$A:$A,0))) -> 130 | G18: =IF(B18="","",INDEX(Resumo_NUTSIII!$F:$F,MATCH(B18,Resumo_NUTSIII!$A:$A,0))) -> 425 | H18: =IF(B18="","",INDEX(Resumo_NUTSIII!$G:$G,MATCH(B18,Resumo_NUTSIII!$A:$A,0))) -> 490 | I18: =IF(B18="","",INDEX(Resumo_NUTSIII!$H:$H,MATCH(B18,Resumo_NUTSIII!$A:$A,0))) -> 220 | J18: =IF(B18="","",INDEX(Resumo_NUTSIII!$I:$I,MATCH(B18,Resumo_NUTSIII!$A:$A,0))) -> 490 | K18: =IF(B18="","",INDEX(Resumo_NUTSIII!$J:$J,MATCH(B18,Resumo_NUTSIII!$A:$A,0))) -> 94 | L18: =IF(B18="","",INDEX(Resumo_NUTSIII!$K:$K,MATCH(B18,Resumo_NUTSIII!$A:$A,0))) -> 6.2
L19: =IF(B19="","",INDEX(Resumo_NUTSIII!$K:$K,MATCH(B19,Resumo_NUTSIII!$A:$A,0)))
L20: =IF(B20="","",INDEX(Resumo_NUTSIII!$K:$K,MATCH(B20,Resumo_NUTSIII!$A:$A,0)))

Sheet Santarem
A1: Concelho | B1: NUTS III correta | C1: GD_REF | D1: theta_inv_REF | E1: theta_ver_REF | F1: G_inv_sul_kWhm2mes | G1: G_verao_S_kWhm2mes | H1: G_verao_O_kWhm2mes | I1: G_verao_N_kWhm2mes | J1: G_verao_E_kWhm2mes | K1: z_REF_m | L1: Mref
A2: Abrantes | B2: Medio Tejo | C2: =IF(B2="","",INDEX(Resumo_NUTSIII!$B:$B,MATCH(B2,Resumo_NUTSIII!$A:$A,0))) -> 1330 | D2: =IF(B2="","",INDEX(Resumo_NUTSIII!$C:$C,MATCH(B2,Resumo_NUTSIII!$A:$A,0))) -> 9.5 | E2: =IF(B2="","",INDEX(Resumo_NUTSIII!$D:$D,MATCH(B2,Resumo_NUTSIII!$A:$A,0))) -> 22.1 | F2: =IF(B2="","",INDEX(Resumo_NUTSIII!$E:$E,MATCH(B2,Resumo_NUTSIII!$A:$A,0))) -> 145 | G2: =IF(B2="","",INDEX(Resumo_NUTSIII!$F:$F,MATCH(B2,Resumo_NUTSIII!$A:$A,0))) -> 415 | H2: =IF(B2="","",INDEX(Resumo_NUTSIII!$G:$G,MATCH(B2,Resumo_NUTSIII!$A:$A,0))) -> 500 | I2: =IF(B2="","",INDEX(Resumo_NUTSIII!$H:$H,MATCH(B2,Resumo_NUTSIII!$A:$A,0))) -> 220 | J2: =IF(B2="","",INDEX(Resumo_NUTSIII!$I:$I,MATCH(B2,Resumo_NUTSIII!$A:$A,0))) -> 500 | K2: =IF(B2="","",INDEX(Resumo_NUTSIII!$J:$J,MATCH(B2,Resumo_NUTSIII!$A:$A,0))) -> 168 | L2: =IF(B2="","",INDEX(Resumo_NUTSIII!$K:$K,MATCH(B2,Resumo_NUTSIII!$A:$A,0))) -> 5.9
A3: Alcanena | B3: Medio Tejo | C3: =IF(B3="","",INDEX(Resumo_NUTSIII!$B:$B,MATCH(B3,Resumo_NUTSIII!$A:$A,0))) -> 1330 | D3: =IF(B3="","",INDEX(Resumo_NUTSIII!$C:$C,MATCH(B3,Resumo_NUTSIII!$A:$A,0))) -> 9.5 | E3: =IF(B3="","",INDEX(Resumo_NUTSIII!$D:$D,MATCH(B3,Resumo_NUTSIII!$A:$A,0))) -> 22.1 | F3: =IF(B3="","",INDEX(Resumo_NUTSIII!$E:$E,MATCH(B3,Resumo_NUTSIII!$A:$A,0))) -> 145 | G3: =IF(B3="","",INDEX(Resumo_NUTSIII!$F:$F,MATCH(B3,Resumo_NUTSIII!$A:$A,0))) -> 415 | H3: =IF(B3="","",INDEX(Resumo_NUTSIII!$G:$G,MATCH(B3,Resumo_NUTSIII!$A:$A,0))) -> 500 | I3: =IF(B3="","",INDEX(Resumo_NUTSIII!$H:$H,MATCH(B3,Resumo_NUTSIII!$A:$A,0))) -> 220 | J3: =IF(B3="","",INDEX(Resumo_NUTSIII!$I:$I,MATCH(B3,Resumo_NUTSIII!$A:$A,0))) -> 500 | K3: =IF(B3="","",INDEX(Resumo_NUTSIII!$J:$J,MATCH(B3,Resumo_NUTSIII!$A:$A,0))) -> 168 | L3: =IF(B3="","",INDEX(Resumo_NUTSIII!$K:$K,MATCH(B3,Resumo_NUTSIII!$A:$A,0))) -> 5.9
A4: Almeirim | B4: Leziria do Tejo | C4: =IF(B4="","",INDEX(Resumo_NUTSIII!$B:$B,MATCH(B4,Resumo_NUTSIII!$A:$A,0))) -> 1135 | D4: =IF(B4="","",INDEX(Resumo_NUTSIII!$C:$C,MATCH(B4,Resumo_NUTSIII!$A:$A,0))) -> 10.2 | E4: =IF(B4="","",INDEX(Resumo_NUTSIII!$D:$D,MATCH(B4,Resumo_NUTSIII!$A:$A,0))) -> 23.1 | F4: =IF(B4="","",INDEX(Resumo_NUTSIII!$E:$E,MATCH(B4,Resumo_NUTSIII!$A:$A,0))) -> 145 | G4: =IF(B4="","",INDEX(Resumo_NUTSIII!$F:$F,MATCH(B4,Resumo_NUTSIII!$A:$A,0))) -> 410 | H4: =IF(B4="","",INDEX(Resumo_NUTSIII!$G:$G,MATCH(B4,Resumo_NUTSIII!$A:$A,0))) -> 500 | I4: =IF(B4="","",INDEX(Resumo_NUTSIII!$H:$H,MATCH(B4,Resumo_NUTSIII!$A:$A,0))) -> 225 | J4: =IF(B4="","",INDEX(Resumo_NUTSIII!$I:$I,MATCH(B4,Resumo_NUTSIII!$A:$A,0))) -> 500 | K4: =IF(B4="","",INDEX(Resumo_NUTSIII!$J:$J,MATCH(B4,Resumo_NUTSIII!$A:$A,0))) -> 73 | L4: =IF(B4="","",INDEX(Resumo_NUTSIII!$K:$K,MATCH(B4,Resumo_NUTSIII!$A:$A,0))) -> 5.2
A5: Alpiarca | B5: Leziria do Tejo | C5: =IF(B5="","",INDEX(Resumo_NUTSIII!$B:$B,MATCH(B5,Resumo_NUTSIII!$A:$A,0))) -> 1135 | D5: =IF(B5="","",INDEX(Resumo_NUTSIII!$C:$C,MATCH(B5,Resumo_NUTSIII!$A:$A,0))) -> 10.2 | E5: =IF(B5="","",INDEX(Resumo_NUTSIII!$D:$D,MATCH(B5,Resumo_NUTSIII!$A:$A,0))) -> 23.1 | F5: =IF(B5="","",INDEX(Resumo_NUTSIII!$E:$E,MATCH(B5,Resumo_NUTSIII!$A:$A,0))) -> 145 | G5: =IF(B5="","",INDEX(Resumo_NUTSIII!$F:$F,MATCH(B5,Resumo_NUTSIII!$A:$A,0))) -> 410 | H5: =IF(B5="","",INDEX(Resumo_NUTSIII!$G:$G,MATCH(B5,Resumo_NUTSIII!$A:$A,0))) -> 500 | I5: =IF(B5="","",INDEX(Resumo_NUTSIII!$H:$H,MATCH(B5,Resumo_NUTSIII!$A:$A,0))) -> 225 | J5: =IF(B5="","",INDEX(Resumo_NUTSIII!$I:$I,MATCH(B5,Resumo_NUTSIII!$A:$A,0))) -> 500 | K5: =IF(B5="","",INDEX(Resumo_NUTSIII!$J:$J,MATCH(B5,Resumo_NUTSIII!$A:$A,0))) -> 73 | L5: =IF(B5="","",INDEX(Resumo_NUTSIII!$K:$K,MATCH(B5,Resumo_NUTSIII!$A:$A,0))) -> 5.2
A6: Benavente | B6: Leziria do Tejo | C6: =IF(B6="","",INDEX(Resumo_NUTSIII!$B:$B,MATCH(B6,Resumo_NUTSIII!$A:$A,0))) -> 1135 | D6: =IF(B6="","",INDEX(Resumo_NUTSIII!$C:$C,MATCH(B6,Resumo_NUTSIII!$A:$A,0))) -> 10.2 | E6: =IF(B6="","",INDEX(Resumo_NUTSIII!$D:$D,MATCH(B6,Resumo_NUTSIII!$A:$A,0))) -> 23.1 | F6: =IF(B6="","",INDEX(Resumo_NUTSIII!$E:$E,MATCH(B6,Resumo_NUTSIII!$A:$A,0))) -> 145 | G6: =IF(B6="","",INDEX(Resumo_NUTSIII!$F:$F,MATCH(B6,Resumo_NUTSIII!$A:$A,0))) -> 410 | H6: =IF(B6="","",INDEX(Resumo_NUTSIII!$G:$G,MATCH(B6,Resumo_NUTSIII!$A:$A,0))) -> 500 | I6: =IF(B6="","",INDEX(Resumo_NUTSIII!$H:$H,MATCH(B6,Resumo_NUTSIII!$A:$A,0))) -> 225 | J6: =IF(B6="","",INDEX(Resumo_NUTSIII!$I:$I,MATCH(B6,Resumo_NUTSIII!$A:$A,0))) -> 500 | K6: =IF(B6="","",INDEX(Resumo_NUTSIII!$J:$J,MATCH(B6,Resumo_NUTSIII!$A:$A,0))) -> 73 | L6: =IF(B6="","",INDEX(Resumo_NUTSIII!$K:$K,MATCH(B6,Resumo_NUTSIII!$A:$A,0))) -> 5.2
A7: Cartaxo | B7: Leziria do Tejo | C7: =IF(B7="","",INDEX(Resumo_NUTSIII!$B:$B,MATCH(B7,Resumo_NUTSIII!$A:$A,0))) -> 1135 | D7: =IF(B7="","",INDEX(Resumo_NUTSIII!$C:$C,MATCH(B7,Resumo_NUTSIII!$A:$A,0))) -> 10.2 | E7: =IF(B7="","",INDEX(Resumo_NUTSIII!$D:$D,MATCH(B7,Resumo_NUTSIII!$A:$A,0))) -> 23.1 | F7: =IF(B7="","",INDEX(Resumo_NUTSIII!$E:$E,MATCH(B7,Resumo_NUTSIII!$A:$A,0))) -> 145 | G7: =IF(B7="","",INDEX(Resumo_NUTSIII!$F:$F,MATCH(B7,Resumo_NUTSIII!$A:$A,0))) -> 410 | H7: =IF(B7="","",INDEX(Resumo_NUTSIII!$G:$G,MATCH(B7,Resumo_NUTSIII!$A:$A,0))) -> 500 | I7: =IF(B7="","",INDEX(Resumo_NUTSIII!$H:$H,MATCH(B7,Resumo_NUTSIII!$A:$A,0))) -> 225 | J7: =IF(B7="","",INDEX(Resumo_NUTSIII!$I:$I,MATCH(B7,Resumo_NUTSIII!$A:$A,0))) -> 500 | K7: =IF(B7="","",INDEX(Resumo_NUTSIII!$J:$J,MATCH(B7,Resumo_NUTSIII!$A:$A,0))) -> 73 | L7: =IF(B7="","",INDEX(Resumo_NUTSIII!$K:$K,MATCH(B7,Resumo_NUTSIII!$A:$A,0))) -> 5.2
A8: Chamusca | B8: Medio Tejo | C8: =IF(B8="","",INDEX(Resumo_NUTSIII!$B:$B,MATCH(B8,Resumo_NUTSIII!$A:$A,0))) -> 1330 | D8: =IF(B8="","",INDEX(Resumo_NUTSIII!$C:$C,MATCH(B8,Resumo_NUTSIII!$A:$A,0))) -> 9.5 | E8: =IF(B8="","",INDEX(Resumo_NUTSIII!$D:$D,MATCH(B8,Resumo_NUTSIII!$A:$A,0))) -> 22.1 | F8: =IF(B8="","",INDEX(Resumo_NUTSIII!$E:$E,MATCH(B8,Resumo_NUTSIII!$A:$A,0))) -> 145 | G8: =IF(B8="","",INDEX(Resumo_NUTSIII!$F:$F,MATCH(B8,Resumo_NUTSIII!$A:$A,0))) -> 415 | H8: =IF(B8="","",INDEX(Resumo_NUTSIII!$G:$G,MATCH(B8,Resumo_NUTSIII!$A:$A,0))) -> 500 | I8: =IF(B8="","",INDEX(Resumo_NUTSIII!$H:$H,MATCH(B8,Resumo_NUTSIII!$A:$A,0))) -> 220 | J8: =IF(B8="","",INDEX(Resumo_NUTSIII!$I:$I,MATCH(B8,Resumo_NUTSIII!$A:$A,0))) -> 500 | K8: =IF(B8="","",INDEX(Resumo_NUTSIII!$J:$J,MATCH(B8,Resumo_NUTSIII!$A:$A,0))) -> 168 | L8: =IF(B8="","",INDEX(Resumo_NUTSIII!$K:$K,MATCH(B8,Resumo_NUTSIII!$A:$A,0))) -> 5.9
A9: Constancia | B9: Medio Tejo | C9: =IF(B9="","",INDEX(Resumo_NUTSIII!$B:$B,MATCH(B9,Resumo_NUTSIII!$A:$A,0))) -> 1330 | D9: =IF(B9="","",INDEX(Resumo_NUTSIII!$C:$C,MATCH(B9,Resumo_NUTSIII!$A:$A,0))) -> 9.5 | E9: =IF(B9="","",INDEX(Resumo_NUTSIII!$D:$D,MATCH(B9,Resumo_NUTSIII!$A:$A,0))) -> 22.1 | F9: =IF(B9="","",INDEX(Resumo_NUTSIII!$E:$E,MATCH(B9,Resumo_NUTSIII!$A:$A,0))) -> 145 | G9: =IF(B9="","",INDEX(Resumo_NUTSIII!$F:$F,MATCH(B9,Resumo_NUTSIII!$A:$A,0))) -> 415 | H9: =IF(B9="","",INDEX(Resumo_NUTSIII!$G:$G,MATCH(B9,Resumo_NUTSIII!$A:$A,0))) -> 500 | I9: =IF(B9="","",INDEX(Resumo_NUTSIII!$H:$H,MATCH(B9,Resumo_NUTSIII!$A:$A,0))) -> 220 | J9: =IF(B9="","",INDEX(Resumo_NUTSIII!$I:$I,MATCH(B9,Resumo_NUTSIII!$A:$A,0))) -> 500 | K9: =IF(B9="","",INDEX(Resumo_NUTSIII!$J:$J,MATCH(B9,Resumo_NUTSIII!$A:$A,0))) -> 168 | L9: =IF(B9="","",INDEX(Resumo_NUTSIII!$K:$K,MATCH(B9,Resumo_NUTSIII!$A:$A,0))) -> 5.9
A10: Coruche | B10: Leziria do Tejo | C10: =IF(B10="","",INDEX(Resumo_NUTSIII!$B:$B,MATCH(B10,Resumo_NUTSIII!$A:$A,0))) -> 1135 | D10: =IF(B10="","",INDEX(Resumo_NUTSIII!$C:$C,MATCH(B10,Resumo_NUTSIII!$A:$A,0))) -> 10.2 | E10: =IF(B10="","",INDEX(Resumo_NUTSIII!$D:$D,MATCH(B10,Resumo_NUTSIII!$A:$A,0))) -> 23.1 | F10: =IF(B10="","",INDEX(Resumo_NUTSIII!$E:$E,MATCH(B10,Resumo_NUTSIII!$A:$A,0))) -> 145 | G10: =IF(B10="","",INDEX(Resumo_NUTSIII!$F:$F,MATCH(B10,Resumo_NUTSIII!$A:$A,0))) -> 410 | H10: =IF(B10="","",INDEX(Resumo_NUTSIII!$G:$G,MATCH(B10,Resumo_NUTSIII!$A:$A,0))) -> 500 | I10: =IF(B10="","",INDEX(Resumo_NUTSIII!$H:$H,MATCH(B10,Resumo_NUTSIII!$A:$A,0))) -> 225 | J10: =IF(B10="","",INDEX(Resumo_NUTSIII!$I:$I,MATCH(B10,Resumo_NUTSIII!$A:$A,0))) -> 500 | K10: =IF(B10="","",INDEX(Resumo_NUTSIII!$J:$J,MATCH(B10,Resumo_NUTSIII!$A:$A,0))) -> 73 | L10: =IF(B10="","",INDEX(Resumo_NUTSIII!$K:$K,MATCH(B10,Resumo_NUTSIII!$A:$A,0))) -> 5.2
A11: Entroncamento | B11: Medio Tejo | C11: =IF(B11="","",INDEX(Resumo_NUTSIII!$B:$B,MATCH(B11,Resumo_NUTSIII!$A:$A,0))) -> 1330 | D11: =IF(B11="","",INDEX(Resumo_NUTSIII!$C:$C,MATCH(B11,Resumo_NUTSIII!$A:$A,0))) -> 9.5 | E11: =IF(B11="","",INDEX(Resumo_NUTSIII!$D:$D,MATCH(B11,Resumo_NUTSIII!$A:$A,0))) -> 22.1 | F11: =IF(B11="","",INDEX(Resumo_NUTSIII!$E:$E,MATCH(B11,Resumo_NUTSIII!$A:$A,0))) -> 145 | G11: =IF(B11="","",INDEX(Resumo_NUTSIII!$F:$F,MATCH(B11,Resumo_NUTSIII!$A:$A,0))) -> 415 | H11: =IF(B11="","",INDEX(Resumo_NUTSIII!$G:$G,MATCH(B11,Resumo_NUTSIII!$A:$A,0))) -> 500 | I11: =IF(B11="","",INDEX(Resumo_NUTSIII!$H:$H,MATCH(B11,Resumo_NUTSIII!$A:$A,0))) -> 220 | J11: =IF(B11="","",INDEX(Resumo_NUTSIII!$I:$I,MATCH(B11,Resumo_NUTSIII!$A:$A,0))) -> 500 | K11: =IF(B11="","",INDEX(Resumo_NUTSIII!$J:$J,MATCH(B11,Resumo_NUTSIII!$A:$A,0))) -> 168 | L11: =IF(B11="","",INDEX(Resumo_NUTSIII!$K:$K,MATCH(B11,Resumo_NUTSIII!$A:$A,0))) -> 5.9
A12: Ferreira do Zezere | B12: Medio Tejo | C12: =IF(B12="","",INDEX(Resumo_NUTSIII!$B:$B,MATCH(B12,Resumo_NUTSIII!$A:$A,0))) -> 1330 | D12: =IF(B12="","",INDEX(Resumo_NUTSIII!$C:$C,MATCH(B12,Resumo_NUTSIII!$A:$A,0))) -> 9.5 | E12: =IF(B12="","",INDEX(Resumo_NUTSIII!$D:$D,MATCH(B12,Resumo_NUTSIII!$A:$A,0))) -> 22.1 | F12: =IF(B12="","",INDEX(Resumo_NUTSIII!$E:$E,MATCH(B12,Resumo_NUTSIII!$A:$A,0))) -> 145 | G12: =IF(B12="","",INDEX(Resumo_NUTSIII!$F:$F,MATCH(B12,Resumo_NUTSIII!$A:$A,0))) -> 415 | H12: =IF(B12="","",INDEX(Resumo_NUTSIII!$G:$G,MATCH(B12,Resumo_NUTSIII!$A:$A,0))) -> 500 | I12: =IF(B12="","",INDEX(Resumo_NUTSIII!$H:$H,MATCH(B12,Resumo_NUTSIII!$A:$A,0))) -> 220 | J12: =IF(B12="","",INDEX(Resumo_NUTSIII!$I:$I,MATCH(B12,Resumo_NUTSIII!$A:$A,0))) -> 500 | K12: =IF(B12="","",INDEX(Resumo_NUTSIII!$J:$J,MATCH(B12,Resumo_NUTSIII!$A:$A,0))) -> 168 | L12: =IF(B12="","",INDEX(Resumo_NUTSIII!$K:$K,MATCH(B12,Resumo_NUTSIII!$A:$A,0))) -> 5.9
A13: Golega | B13: Medio Tejo | C13: =IF(B13="","",INDEX(Resumo_NUTSIII!$B:$B,MATCH(B13,Resumo_NUTSIII!$A:$A,0))) -> 1330 | D13: =IF(B13="","",INDEX(Resumo_NUTSIII!$C:$C,MATCH(B13,Resumo_NUTSIII!$A:$A,0))) -> 9.5 | E13: =IF(B13="","",INDEX(Resumo_NUTSIII!$D:$D,MATCH(B13,Resumo_NUTSIII!$A:$A,0))) -> 22.1 | F13: =IF(B13="","",INDEX(Resumo_NUTSIII!$E:$E,MATCH(B13,Resumo_NUTSIII!$A:$A,0))) -> 145 | G13: =IF(B13="","",INDEX(Resumo_NUTSIII!$F:$F,MATCH(B13,Resumo_NUTSIII!$A:$A,0))) -> 415 | H13: =IF(B13="","",INDEX(Resumo_NUTSIII!$G:$G,MATCH(B13,Resumo_NUTSIII!$A:$A,0))) -> 500 | I13: =IF(B13="","",INDEX(Resumo_NUTSIII!$H:$H,MATCH(B13,Resumo_NUTSIII!$A:$A,0))) -> 220 | J13: =IF(B13="","",INDEX(Resumo_NUTSIII!$I:$I,MATCH(B13,Resumo_NUTSIII!$A:$A,0))) -> 500 | K13: =IF(B13="","",INDEX(Resumo_NUTSIII!$J:$J,MATCH(B13,Resumo_NUTSIII!$A:$A,0))) -> 168 | L13: =IF(B13="","",INDEX(Resumo_NUTSIII!$K:$K,MATCH(B13,Resumo_NUTSIII!$A:$A,0))) -> 5.9
... A20: Tomar | B20: Medio Tejo | C20: =IF(B20="","",INDEX(Resumo_NUTSIII!$B:$B,MATCH(B20,Resumo_NUTSIII!$A:$A,0))) -> 1330 | D20: =IF(B20="","",INDEX(Resumo_NUTSIII!$C:$C,MATCH(B20,Resumo_NUTSIII!$A:$A,0))) -> 9.5 | E20: =IF(B20="","",INDEX(Resumo_NUTSIII!$D:$D,MATCH(B20,Resumo_NUTSIII!$A:$A,0))) -> 22.1 | F20: =IF(B20="","",INDEX(Resumo_NUTSIII!$E:$E,MATCH(B20,Resumo_NUTSIII!$A:$A,0))) -> 145 | G20: =IF(B20="","",INDEX(Resumo_NUTSIII!$F:$F,MATCH(B20,Resumo_NUTSIII!$A:$A,0))) -> 415 | H20: =IF(B20="","",INDEX(Resumo_NUTSIII!$G:$G,MATCH(B20,Resumo_NUTSIII!$A:$A,0))) -> 500 | I20: =IF(B20="","",INDEX(Resumo_NUTSIII!$H:$H,MATCH(B20,Resumo_NUTSIII!$A:$A,0))) -> 220 | J20: =IF(B20="","",INDEX(Resumo_NUTSIII!$I:$I,MATCH(B20,Resumo_NUTSIII!$A:$A,0))) -> 500 | K20: =IF(B20="","",INDEX(Resumo_NUTSIII!$J:$J,MATCH(B20,Resumo_NUTSIII!$A:$A,0))) -> 168 | L20: =IF(B20="","",INDEX(Resumo_NUTSIII!$K:$K,MATCH(B20,Resumo_NUTSIII!$A:$A,0))) -> 5.9
A21: Torres Novas | B21: Medio Tejo | C21: =IF(B21="","",INDEX(Resumo_NUTSIII!$B:$B,MATCH(B21,Resumo_NUTSIII!$A:$A,0))) -> 1330 | D21: =IF(B21="","",INDEX(Resumo_NUTSIII!$C:$C,MATCH(B21,Resumo_NUTSIII!$A:$A,0))) -> 9.5 | E21: =IF(B21="","",INDEX(Resumo_NUTSIII!$D:$D,MATCH(B21,Resumo_NUTSIII!$A:$A,0))) -> 22.1 | F21: =IF(B21="","",INDEX(Resumo_NUTSIII!$E:$E,MATCH(B21,Resumo_NUTSIII!$A:$A,0))) -> 145 | G21: =IF(B21="","",INDEX(Resumo_NUTSIII!$F:$F,MATCH(B21,Resumo_NUTSIII!$A:$A,0))) -> 415 | H21: =IF(B21="","",INDEX(Resumo_NUTSIII!$G:$G,MATCH(B21,Resumo_NUTSIII!$A:$A,0))) -> 500 | I21: =IF(B21="","",INDEX(Resumo_NUTSIII!$H:$H,MATCH(B21,Resumo_NUTSIII!$A:$A,0))) -> 220 | J21: =IF(B21="","",INDEX(Resumo_NUTSIII!$I:$I,MATCH(B21,Resumo_NUTSIII!$A:$A,0))) -> 500 | K21: =IF(B21="","",INDEX(Resumo_NUTSIII!$J:$J,MATCH(B21,Resumo_NUTSIII!$A:$A,0))) -> 168

Sheet Setubal
A1: Concelho | B1: NUTS III correta | C1: GD_REF | D1: theta_inv_REF | E1: theta_ver_REF | F1: G_inv_sul_kWhm2mes | G1: G_verao_S_kWhm2mes | H1: G_verao_O_kWhm2mes | I1: G_verao_N_kWhm2mes | J1: G_verao_E_kWhm2mes | K1: z_REF_m | L1: Mref
A2: Alcacer do Sal | B2: Alentejo Litoral | C2: =IF(B2="","",INDEX(Resumo_NUTSIII!$B:$B,MATCH(B2,Resumo_NUTSIII!$A:$A,0))) -> 1089 | D2: =IF(B2="","",INDEX(Resumo_NUTSIII!$C:$C,MATCH(B2,Resumo_NUTSIII!$A:$A,0))) -> 10.8 | E2: =IF(B2="","",INDEX(Resumo_NUTSIII!$D:$D,MATCH(B2,Resumo_NUTSIII!$A:$A,0))) -> 22.2 | F2: =IF(B2="","",INDEX(Resumo_NUTSIII!$E:$E,MATCH(B2,Resumo_NUTSIII!$A:$A,0))) -> 150 | G2: =IF(B2="","",INDEX(Resumo_NUTSIII!$F:$F,MATCH(B2,Resumo_NUTSIII!$A:$A,0))) -> 405 | H2: =IF(B2="","",INDEX(Resumo_NUTSIII!$G:$G,MATCH(B2,Resumo_NUTSIII!$A:$A,0))) -> 510 | I2: =IF(B2="","",INDEX(Resumo_NUTSIII!$H:$H,MATCH(B2,Resumo_NUTSIII!$A:$A,0))) -> 225 | J2: =IF(B2="","",INDEX(Resumo_NUTSIII!$I:$I,MATCH(B2,Resumo_NUTSIII!$A:$A,0))) -> 510 | K2: =IF(B2="","",INDEX(Resumo_NUTSIII!$J:$J,MATCH(B2,Resumo_NUTSIII!$A:$A,0))) -> 88 | L2: =IF(B2="","",INDEX(Resumo_NUTSIII!$K:$K,MATCH(B2,Resumo_NUTSIII!$A:$A,0))) -> 5.3
A3: Almada | B3: Peninsula de Setubal | C3: =IF(B3="","",INDEX(Resumo_NUTSIII!$B:$B,MATCH(B3,Resumo_NUTSIII!$A:$A,0))) -> 1045 | D3: =IF(B3="","",INDEX(Resumo_NUTSIII!$C:$C,MATCH(B3,Resumo_NUTSIII!$A:$A,0))) -> 10.7 | E3: =IF(B3="","",INDEX(Resumo_NUTSIII!$D:$D,MATCH(B3,Resumo_NUTSIII!$A:$A,0))) -> 22.8 | F3: =IF(B3="","",INDEX(Resumo_NUTSIII!$E:$E,MATCH(B3,Resumo_NUTSIII!$A:$A,0))) -> 145 | G3: =IF(B3="","",INDEX(Resumo_NUTSIII!$F:$F,MATCH(B3,Resumo_NUTSIII!$A:$A,0))) -> 410 | H3: =IF(B3="","",INDEX(Resumo_NUTSIII!$G:$G,MATCH(B3,Resumo_NUTSIII!$A:$A,0))) -> 505 | I3: =IF(B3="","",INDEX(Resumo_NUTSIII!$H:$H,MATCH(B3,Resumo_NUTSIII!$A:$A,0))) -> 225 | J3: =IF(B3="","",INDEX(Resumo_NUTSIII!$I:$I,MATCH(B3,Resumo_NUTSIII!$A:$A,0))) -> 505 | K3: =IF(B3="","",INDEX(Resumo_NUTSIII!$J:$J,MATCH(B3,Resumo_NUTSIII!$A:$A,0))) -> 47 | L3: =IF(B3="","",INDEX(Resumo_NUTSIII!$K:$K,MATCH(B3,Resumo_NUTSIII!$A:$A,0))) -> 4.7
A4: Barreiro | B4: Peninsula de Setubal | C4: =IF(B4="","",INDEX(Resumo_NUTSIII!$B:$B,MATCH(B4,Resumo_NUTSIII!$A:$A,0))) -> 1045 | D4: =IF(B4="","",INDEX(Resumo_NUTSIII!$C:$C,MATCH(B4,Resumo_NUTSIII!$A:$A,0))) -> 10.7 | E4: =IF(B4="","",INDEX(Resumo_NUTSIII!$D:$D,MATCH(B4,Resumo_NUTSIII!$A:$A,0))) -> 22.8 | F4: =IF(B4="","",INDEX(Resumo_NUTSIII!$E:$E,MATCH(B4,Resumo_NUTSIII!$A:$A,0))) -> 145 | G4: =IF(B4="","",INDEX(Resumo_NUTSIII!$F:$F,MATCH(B4,Resumo_NUTSIII!$A:$A,0))) -> 410 | H4: =IF(B4="","",INDEX(Resumo_NUTSIII!$G:$G,MATCH(B4,Resumo_NUTSIII!$A:$A,0))) -> 505 | I4: =IF(B4="","",INDEX(Resumo_NUTSIII!$H:$H,MATCH(B4,Resumo_NUTSIII!$A:$A,0))) -> 225 | J4: =IF(B4="","",INDEX(Resumo_NUTSIII!$I:$I,MATCH(B4,Resumo_NUTSIII!$A:$A,0))) -> 505 | K4: =IF(B4="","",INDEX(Resumo_NUTSIII!$J:$J,MATCH(B4,Resumo_NUTSIII!$A:$A,0))) -> 47 | L4: =IF(B4="","",INDEX(Resumo_NUTSIII!$K:$K,MATCH(B4,Resumo_NUTSIII!$A:$A,0))) -> 4.7
A5: Grandola | B5: Alentejo Litoral | C5: =IF(B5="","",INDEX(Resumo_NUTSIII!$B:$B,MATCH(B5,Resumo_NUTSIII!$A:$A,0))) -> 1089 | D5: =IF(B5="","",INDEX(Resumo_NUTSIII!$C:$C,MATCH(B5,Resumo_NUTSIII!$A:$A,0))) -> 10.8 | E5: =IF(B5="","",INDEX(Resumo_NUTSIII!$D:$D,MATCH(B5,Resumo_NUTSIII!$A:$A,0))) -> 22.2 | F5: =IF(B5="","",INDEX(Resumo_NUTSIII!$E:$E,MATCH(B5,Resumo_NUTSIII!$A:$A,0))) -> 150 | G5: =IF(B5="","",INDEX(Resumo_NUTSIII!$F:$F,MATCH(B5,Resumo_NUTSIII!$A:$A,0))) -> 405 | H5: =IF(B5="","",INDEX(Resumo_NUTSIII!$G:$G,MATCH(B5,Resumo_NUTSIII!$A:$A,0))) -> 510 | I5: =IF(B5="","",INDEX(Resumo_NUTSIII!$H:$H,MATCH(B5,Resumo_NUTSIII!$A:$A,0))) -> 225 | J5: =IF(B5="","",INDEX(Resumo_NUTSIII!$I:$I,MATCH(B5,Resumo_NUTSIII!$A:$A,0))) -> 510 | K5: =IF(B5="","",INDEX(Resumo_NUTSIII!$J:$J,MATCH(B5,Resumo_NUTSIII!$A:$A,0))) -> 88 | L5: =IF(B5="","",INDEX(Resumo_NUTSIII!$K:$K,MATCH(B5,Resumo_NUTSIII!$A:$A,0))) -> 5.3
A6: Moita | B6: Peninsula de Setubal | C6: =IF(B6="","",INDEX(Resumo_NUTSIII!$B:$B,MATCH(B6,Resumo_NUTSIII!$A:$A,0))) -> 1045 | D6: =IF(B6="","",INDEX(Resumo_NUTSIII!$C:$C,MATCH(B6,Resumo_NUTSIII!$A:$A,0))) -> 10.7 | E6: =IF(B6="","",INDEX(Resumo_NUTSIII!$D:$D,MATCH(B6,Resumo_NUTSIII!$A:$A,0))) -> 22.8 | F6: =IF(B6="","",INDEX(Resumo_NUTSIII!$E:$E,MATCH(B6,Resumo_NUTSIII!$A:$A,0))) -> 145 | G6: =IF(B6="","",INDEX(Resumo_NUTSIII!$F:$F,MATCH(B6,Resumo_NUTSIII!$A:$A,0))) -> 410 | H6: =IF(B6="","",INDEX(Resumo_NUTSIII!$G:$G,MATCH(B6,Resumo_NUTSIII!$A:$A,0))) -> 505 | I6: =IF(B6="","",INDEX(Resumo_NUTSIII!$H:$H,MATCH(B6,Resumo_NUTSIII!$A:$A,0))) -> 225 | J6: =IF(B6="","",INDEX(Resumo_NUTSIII!$I:$I,MATCH(B6,Resumo_NUTSIII!$A:$A,0))) -> 505 | K6: =IF(B6="","",INDEX(Resumo_NUTSIII!$J:$J,MATCH(B6,Resumo_NUTSIII!$A:$A,0))) -> 47 | L6: =IF(B6="","",INDEX(Resumo_NUTSIII!$K:$K,MATCH(B6,Resumo_NUTSIII!$A:$A,0))) -> 4.7
A7: Montijo | B7: Peninsula de Setubal | C7: =IF(B7="","",INDEX(Resumo_NUTSIII!$B:$B,MATCH(B7,Resumo_NUTSIII!$A:$A,0))) -> 1045 | D7: =IF(B7="","",INDEX(Resumo_NUTSIII!$C:$C,MATCH(B7,Resumo_NUTSIII!$A:$A,0))) -> 10.7 | E7: =IF(B7="","",INDEX(Resumo_NUTSIII!$D:$D,MATCH(B7,Resumo_NUTSIII!$A:$A,0))) -> 22.8 | F7: =IF(B7="","",INDEX(Resumo_NUTSIII!$E:$E,MATCH(B7,Resumo_NUTSIII!$A:$A,0))) -> 145 | G7: =IF(B7="","",INDEX(Resumo_NUTSIII!$F:$F,MATCH(B7,Resumo_NUTSIII!$A:$A,0))) -> 410 | H7: =IF(B7="","",INDEX(Resumo_NUTSIII!$G:$G,MATCH(B7,Resumo_NUTSIII!$A:$A,0))) -> 505 | I7: =IF(B7="","",INDEX(Resumo_NUTSIII!$H:$H,MATCH(B7,Resumo_NUTSIII!$A:$A,0))) -> 225 | J7: =IF(B7="","",INDEX(Resumo_NUTSIII!$I:$I,MATCH(B7,Resumo_NUTSIII!$A:$A,0))) -> 505 | K7: =IF(B7="","",INDEX(Resumo_NUTSIII!$J:$J,MATCH(B7,Resumo_NUTSIII!$A:$A,0))) -> 47 | L7: =IF(B7="","",INDEX(Resumo_NUTSIII!$K:$K,MATCH(B7,Resumo_NUTSIII!$A:$A,0))) -> 4.7
A8: Palmela | B8: Peninsula de Setubal | C8: =IF(B8="","",INDEX(Resumo_NUTSIII!$B:$B,MATCH(B8,Resumo_NUTSIII!$A:$A,0))) -> 1045 | D8: =IF(B8="","",INDEX(Resumo_NUTSIII!$C:$C,MATCH(B8,Resumo_NUTSIII!$A:$A,0))) -> 10.7 | E8: =IF(B8="","",INDEX(Resumo_NUTSIII!$D:$D,MATCH(B8,Resumo_NUTSIII!$A:$A,0))) -> 22.8 | F8: =IF(B8="","",INDEX(Resumo_NUTSIII!$E:$E,MATCH(B8,Resumo_NUTSIII!$A:$A,0))) -> 145 | G8: =IF(B8="","",INDEX(Resumo_NUTSIII!$F:$F,MATCH(B8,Resumo_NUTSIII!$A:$A,0))) -> 410 | H8: =IF(B8="","",INDEX(Resumo_NUTSIII!$G:$G,MATCH(B8,Resumo_NUTSIII!$A:$A,0))) -> 505 | I8: =IF(B8="","",INDEX(Resumo_NUTSIII!$H:$H,MATCH(B8,Resumo_NUTSIII!$A:$A,0))) -> 225 | J8: =IF(B8="","",INDEX(Resumo_NUTSIII!$I:$I,MATCH(B8,Resumo_NUTSIII!$A:$A,0))) -> 505 | K8: =IF(B8="","",INDEX(Resumo_NUTSIII!$J:$J,MATCH(B8,Resumo_NUTSIII!$A:$A,0))) -> 47 | L8: =IF(B8="","",INDEX(Resumo_NUTSIII!$K:$K,MATCH(B8,Resumo_NUTSIII!$A:$A,0))) -> 4.7
A9: Santiago do Cacem | B9: Alentejo Litoral | C9: =IF(B9="","",INDEX(Resumo_NUTSIII!$B:$B,MATCH(B9,Resumo_NUTSIII!$A:$A,0))) -> 1089 | D9: =IF(B9="","",INDEX(Resumo_NUTSIII!$C:$C,MATCH(B9,Resumo_NUTSIII!$A:$A,0))) -> 10.8 | E9: =IF(B9="","",INDEX(Resumo_NUTSIII!$D:$D,MATCH(B9,Resumo_NUTSIII!$A:$A,0))) -> 22.2 | F9: =IF(B9="","",INDEX(Resumo_NUTSIII!$E:$E,MATCH(B9,Resumo_NUTSIII!$A:$A,0))) -> 150 | G9: =IF(B9="","",INDEX(Resumo_NUTSIII!$F:$F,MATCH(B9,Resumo_NUTSIII!$A:$A,0))) -> 405 | H9: =IF(B9="","",INDEX(Resumo_NUTSIII!$G:$G,MATCH(B9,Resumo_NUTSIII!$A:$A,0))) -> 510 | I9: =IF(B9="","",INDEX(Resumo_NUTSIII!$H:$H,MATCH(B9,Resumo_NUTSIII!$A:$A,0))) -> 225 | J9: =IF(B9="","",INDEX(Resumo_NUTSIII!$I:$I,MATCH(B9,Resumo_NUTSIII!$A:$A,0))) -> 510 | K9: =IF(B9="","",INDEX(Resumo_NUTSIII!$J:$J,MATCH(B9,Resumo_NUTSIII!$A:$A,0))) -> 88 | L9: =IF(B9="","",INDEX(Resumo_NUTSIII!$K:$K,MATCH(B9,Resumo_NUTSIII!$A:$A,0))) -> 5.3
A10: Seixal | B10: Peninsula de Setubal | C10: =IF(B10="","",INDEX(Resumo_NUTSIII!$B:$B,MATCH(B10,Resumo_NUTSIII!$A:$A,0))) -> 1045 | D10: =IF(B10="","",INDEX(Resumo_NUTSIII!$C:$C,MATCH(B10,Resumo_NUTSIII!$A:$A,0))) -> 10.7 | E10: =IF(B10="","",INDEX(Resumo_NUTSIII!$D:$D,MATCH(B10,Resumo_NUTSIII!$A:$A,0))) -> 22.8 | F10: =IF(B10="","",INDEX(Resumo_NUTSIII!$E:$E,MATCH(B10,Resumo_NUTSIII!$A:$A,0))) -> 145 | G10: =IF(B10="","",INDEX(Resumo_NUTSIII!$F:$F,MATCH(B10,Resumo_NUTSIII!$A:$A,0))) -> 410 | H10: =IF(B10="","",INDEX(Resumo_NUTSIII!$G:$G,MATCH(B10,Resumo_NUTSIII!$A:$A,0))) -> 505 | I10: =IF(B10="","",INDEX(Resumo_NUTSIII!$H:$H,MATCH(B10,Resumo_NUTSIII!$A:$A,0))) -> 225 | J10: =IF(B10="","",INDEX(Resumo_NUTSIII!$I:$I,MATCH(B10,Resumo_NUTSIII!$A:$A,0))) -> 505 | K10: =IF(B10="","",INDEX(Resumo_NUTSIII!$J:$J,MATCH(B10,Resumo_NUTSIII!$A:$A,0))) -> 47 | L10: =IF(B10="","",INDEX(Resumo_NUTSIII!$K:$K,MATCH(B10,Resumo_NUTSIII!$A:$A,0))) -> 4.7
A11: Sesimbra | B11: Peninsula de Setubal | C11: =IF(B11="","",INDEX(Resumo_NUTSIII!$B:$B,MATCH(B11,Resumo_NUTSIII!$A:$A,0))) -> 1045 | D11: =IF(B11="","",INDEX(Resumo_NUTSIII!$C:$C,MATCH(B11,Resumo_NUTSIII!$A:$A,0))) -> 10.7 | E11: =IF(B11="","",INDEX(Resumo_NUTSIII!$D:$D,MATCH(B11,Resumo_NUTSIII!$A:$A,0))) -> 22.8 | F11: =IF(B11="","",INDEX(Resumo_NUTSIII!$E:$E,MATCH(B11,Resumo_NUTSIII!$A:$A,0))) -> 145 | G11: =IF(B11="","",INDEX(Resumo_NUTSIII!$F:$F,MATCH(B11,Resumo_NUTSIII!$A:$A,0))) -> 410 | H11: =IF(B11="","",INDEX(Resumo_NUTSIII!$G:$G,MATCH(B11,Resumo_NUTSIII!$A:$A,0))) -> 505 | I11: =IF(B11="","",INDEX(Resumo_NUTSIII!$H:$H,MATCH(B11,Resumo_NUTSIII!$A:$A,0))) -> 225 | J11: =IF(B11="","",INDEX(Resumo_NUTSIII!$I:$I,MATCH(B11,Resumo_NUTSIII!$A:$A,0))) -> 505 | K11: =IF(B11="","",INDEX(Resumo_NUTSIII!$J:$J,MATCH(B11,Resumo_NUTSIII!$A:$A,0))) -> 47 | L11: =IF(B11="","",INDEX(Resumo_NUTSIII!$K:$K,MATCH(B11,Resumo_NUTSIII!$A:$A,0))) -> 4.7
A12: Setubal | B12: Peninsula de Setubal | C12: =IF(B12="","",INDEX(Resumo_NUTSIII!$B:$B,MATCH(B12,Resumo_NUTSIII!$A:$A,0))) -> 1045 | D12: =IF(B12="","",INDEX(Resumo_NUTSIII!$C:$C,MATCH(B12,Resumo_NUTSIII!$A:$A,0))) -> 10.7 | E12: =IF(B12="","",INDEX(Resumo_NUTSIII!$D:$D,MATCH(B12,Resumo_NUTSIII!$A:$A,0))) -> 22.8 | F12: =IF(B12="","",INDEX(Resumo_NUTSIII!$E:$E,MATCH(B12,Resumo_NUTSIII!$A:$A,0))) -> 145 | G12: =IF(B12="","",INDEX(Resumo_NUTSIII!$F:$F,MATCH(B12,Resumo_NUTSIII!$A:$A,0))) -> 410 | H12: =IF(B12="","",INDEX(Resumo_NUTSIII!$G:$G,MATCH(B12,Resumo_NUTSIII!$A:$A,0))) -> 505 | I12: =IF(B12="","",INDEX(Resumo_NUTSIII!$H:$H,MATCH(B12,Resumo_NUTSIII!$A:$A,0))) -> 225 | J12: =IF(B12="","",INDEX(Resumo_NUTSIII!$I:$I,MATCH(B12,Resumo_NUTSIII!$A:$A,0))) -> 505 | K12: =IF(B12="","",INDEX(Resumo_NUTSIII!$J:$J,MATCH(B12,Resumo_NUTSIII!$A:$A,0))) -> 47 | L12: =IF(B12="","",INDEX(Resumo_NUTSIII!$K:$K,MATCH(B12,Resumo_NUTSIII!$A:$A,0))) -> 4.7
A13: Sines | B13: Alentejo Litoral | C13: =IF(B13="","",INDEX(Resumo_NUTSIII!$B:$B,MATCH(B13,Resumo_NUTSIII!$A:$A,0))) -> 1089 | D13: =IF(B13="","",INDEX(Resumo_NUTSIII!$C:$C,MATCH(B13,Resumo_NUTSIII!$A:$A,0))) -> 10.8 | E13: =IF(B13="","",INDEX(Resumo_NUTSIII!$D:$D,MATCH(B13,Resumo_NUTSIII!$A:$A,0))) -> 22.2 | F13: =IF(B13="","",INDEX(Resumo_NUTSIII!$E:$E,MATCH(B13,Resumo_NUTSIII!$A:$A,0))) -> 150 | G13: =IF(B13="","",INDEX(Resumo_NUTSIII!$F:$F,MATCH(B13,Resumo_NUTSIII!$A:$A,0))) -> 405 | H13: =IF(B13="","",INDEX(Resumo_NUTSIII!$G:$G,MATCH(B13,Resumo_NUTSIII!$A:$A,0))) -> 510 | I13: =IF(B13="","",INDEX(Resumo_NUTSIII!$H:$H,MATCH(B13,Resumo_NUTSIII!$A:$A,0))) -> 225 | J13: =IF(B13="","",INDEX(Resumo_NUTSIII!$I:$I,MATCH(B13,Resumo_NUTSIII!$A:$A,0))) -> 510 | K13: =IF(B13="","",INDEX(Resumo_NUTSIII!$J:$J,MATCH(B13,Resumo_NUTSIII!$A:$A,0))) -> 88 | L13: =IF(B13="","",INDEX(Resumo_NUTSIII!$K:$K,MATCH(B13,Resumo_NUTSIII!$A:$A,0))) -> 5.3
L14: =IF(B14="","",INDEX(Resumo_NUTSIII!$K:$K,MATCH(B14,Resumo_NUTSIII!$A:$A,0)))
L15: =IF(B15="","",INDEX(Resumo_NUTSIII!$K:$K,MATCH(B15,Resumo_NUTSIII!$A:$A,0)))
L16: =IF(B16="","",INDEX(Resumo_NUTSIII!$K:$K,MATCH(B16,Resumo_NUTSIII!$A:$A,0)))
L17: =IF(B17="","",INDEX(Resumo_NUTSIII!$K:$K,MATCH(B17,Resumo_NUTSIII!$A:$A,0)))
L18: =IF(B18="","",INDEX(Resumo_NUTSIII!$K:$K,MATCH(B18,Resumo_NUTSIII!$A:$A,0)))
L19: =IF(B19="","",INDEX(Resumo_NUTSIII!$K:$K,MATCH(B19,Resumo_NUTSIII!$A:$A,0)))
L20: =IF(B20="","",INDEX(Resumo_NUTSIII!$K:$K,MATCH(B20,Resumo_NUTSIII!$A:$A,0)))

Sheet Viana do Castelo
A1: Concelho | B1: NUTS III | C1: GD_REF | D1: theta_inv_REF | E1: theta_ver_REF | F1: G_inv_sul_kWhm2mes | G1: G_verao_S_kWhm2mes | H1: G_verao_O_kWhm2mes | I1: G_verao_N_kWhm2mes | J1: G_verao_E_kWhm2mes | K1: z_REF_m | L1: Mref
A2: Arcos de Valdevez | B2: Minho-Lima | C2: =IF(B2="","",INDEX(Resumo_NUTSIII!$B:$B,MATCH(B2,Resumo_NUTSIII!$A:$A,0))) -> 1629 | D2: =IF(B2="","",INDEX(Resumo_NUTSIII!$C:$C,MATCH(B2,Resumo_NUTSIII!$A:$A,0))) -> 8.2 | E2: =IF(B2="","",INDEX(Resumo_NUTSIII!$D:$D,MATCH(B2,Resumo_NUTSIII!$A:$A,0))) -> 20.5 | F2: =IF(B2="","",INDEX(Resumo_NUTSIII!$E:$E,MATCH(B2,Resumo_NUTSIII!$A:$A,0))) -> 130 | G2: =IF(B2="","",INDEX(Resumo_NUTSIII!$F:$F,MATCH(B2,Resumo_NUTSIII!$A:$A,0))) -> 425 | H2: =IF(B2="","",INDEX(Resumo_NUTSIII!$G:$G,MATCH(B2,Resumo_NUTSIII!$A:$A,0))) -> 475 | I2: =IF(B2="","",INDEX(Resumo_NUTSIII!$H:$H,MATCH(B2,Resumo_NUTSIII!$A:$A,0))) -> 220 | J2: =IF(B2="","",INDEX(Resumo_NUTSIII!$I:$I,MATCH(B2,Resumo_NUTSIII!$A:$A,0))) -> 475 | K2: =IF(B2="","",INDEX(Resumo_NUTSIII!$J:$J,MATCH(B2,Resumo_NUTSIII!$A:$A,0))) -> 268 | L2: =IF(B2="","",INDEX(Resumo_NUTSIII!$K:$K,MATCH(B2,Resumo_NUTSIII!$A:$A,0))) -> 7.2
A3: Caminha | B3: Minho-Lima | C3: =IF(B3="","",INDEX(Resumo_NUTSIII!$B:$B,MATCH(B3,Resumo_NUTSIII!$A:$A,0))) -> 1629 | D3: =IF(B3="","",INDEX(Resumo_NUTSIII!$C:$C,MATCH(B3,Resumo_NUTSIII!$A:$A,0))) -> 8.2 | E3: =IF(B3="","",INDEX(Resumo_NUTSIII!$D:$D,MATCH(B3,Resumo_NUTSIII!$A:$A,0))) -> 20.5 | F3: =IF(B3="","",INDEX(Resumo_NUTSIII!$E:$E,MATCH(B3,Resumo_NUTSIII!$A:$A,0))) -> 130 | G3: =IF(B3="","",INDEX(Resumo_NUTSIII!$F:$F,MATCH(B3,Resumo_NUTSIII!$A:$A,0))) -> 425 | H3: =IF(B3="","",INDEX(Resumo_NUTSIII!$G:$G,MATCH(B3,Resumo_NUTSIII!$A:$A,0))) -> 475 | I3: =IF(B3="","",INDEX(Resumo_NUTSIII!$H:$H,MATCH(B3,Resumo_NUTSIII!$A:$A,0))) -> 220 | J3: =IF(B3="","",INDEX(Resumo_NUTSIII!$I:$I,MATCH(B3,Resumo_NUTSIII!$A:$A,0))) -> 475 | K3: =IF(B3="","",INDEX(Resumo_NUTSIII!$J:$J,MATCH(B3,Resumo_NUTSIII!$A:$A,0))) -> 268 | L3: =IF(B3="","",INDEX(Resumo_NUTSIII!$K:$K,MATCH(B3,Resumo_NUTSIII!$A:$A,0))) -> 7.2
A4: Melgaco | B4: Minho-Lima | C4: =IF(B4="","",INDEX(Resumo_NUTSIII!$B:$B,MATCH(B4,Resumo_NUTSIII!$A:$A,0))) -> 1629 | D4: =IF(B4="","",INDEX(Resumo_NUTSIII!$C:$C,MATCH(B4,Resumo_NUTSIII!$A:$A,0))) -> 8.2 | E4: =IF(B4="","",INDEX(Resumo_NUTSIII!$D:$D,MATCH(B4,Resumo_NUTSIII!$A:$A,0))) -> 20.5 | F4: =IF(B4="","",INDEX(Resumo_NUTSIII!$E:$E,MATCH(B4,Resumo_NUTSIII!$A:$A,0))) -> 130 | G4: =IF(B4="","",INDEX(Resumo_NUTSIII!$F:$F,MATCH(B4,Resumo_NUTSIII!$A:$A,0))) -> 425 | H4: =IF(B4="","",INDEX(Resumo_NUTSIII!$G:$G,MATCH(B4,Resumo_NUTSIII!$A:$A,0))) -> 475 | I4: =IF(B4="","",INDEX(Resumo_NUTSIII!$H:$H,MATCH(B4,Resumo_NUTSIII!$A:$A,0))) -> 220 | J4: =IF(B4="","",INDEX(Resumo_NUTSIII!$I:$I,MATCH(B4,Resumo_NUTSIII!$A:$A,0))) -> 475 | K4: =IF(B4="","",INDEX(Resumo_NUTSIII!$J:$J,MATCH(B4,Resumo_NUTSIII!$A:$A,0))) -> 268 | L4: =IF(B4="","",INDEX(Resumo_NUTSIII!$K:$K,MATCH(B4,Resumo_NUTSIII!$A:$A,0))) -> 7.2
A5: Moncao | B5: Minho-Lima | C5: =IF(B5="","",INDEX(Resumo_NUTSIII!$B:$B,MATCH(B5,Resumo_NUTSIII!$A:$A,0))) -> 1629 | D5: =IF(B5="","",INDEX(Resumo_NUTSIII!$C:$C,MATCH(B5,Resumo_NUTSIII!$A:$A,0))) -> 8.2 | E5: =IF(B5="","",INDEX(Resumo_NUTSIII!$D:$D,MATCH(B5,Resumo_NUTSIII!$A:$A,0))) -> 20.5 | F5: =IF(B5="","",INDEX(Resumo_NUTSIII!$E:$E,MATCH(B5,Resumo_NUTSIII!$A:$A,0))) -> 130 | G5: =IF(B5="","",INDEX(Resumo_NUTSIII!$F:$F,MATCH(B5,Resumo_NUTSIII!$A:$A,0))) -> 425 | H5: =IF(B5="","",INDEX(Resumo_NUTSIII!$G:$G,MATCH(B5,Resumo_NUTSIII!$A:$A,0))) -> 475 | I5: =IF(B5="","",INDEX(Resumo_NUTSIII!$H:$H,MATCH(B5,Resumo_NUTSIII!$A:$A,0))) -> 220 | J5: =IF(B5="","",INDEX(Resumo_NUTSIII!$I:$I,MATCH(B5,Resumo_NUTSIII!$A:$A,0))) -> 475 | K5: =IF(B5="","",INDEX(Resumo_NUTSIII!$J:$J,MATCH(B5,Resumo_NUTSIII!$A:$A,0))) -> 268 | L5: =IF(B5="","",INDEX(Resumo_NUTSIII!$K:$K,MATCH(B5,Resumo_NUTSIII!$A:$A,0))) -> 7.2
A6: Paredes de Coura | B6: Minho-Lima | C6: =IF(B6="","",INDEX(Resumo_NUTSIII!$B:$B,MATCH(B6,Resumo_NUTSIII!$A:$A,0))) -> 1629 | D6: =IF(B6="","",INDEX(Resumo_NUTSIII!$C:$C,MATCH(B6,Resumo_NUTSIII!$A:$A,0))) -> 8.2 | E6: =IF(B6="","",INDEX(Resumo_NUTSIII!$D:$D,MATCH(B6,Resumo_NUTSIII!$A:$A,0))) -> 20.5 | F6: =IF(B6="","",INDEX(Resumo_NUTSIII!$E:$E,MATCH(B6,Resumo_NUTSIII!$A:$A,0))) -> 130 | G6: =IF(B6="","",INDEX(Resumo_NUTSIII!$F:$F,MATCH(B6,Resumo_NUTSIII!$A:$A,0))) -> 425 | H6: =IF(B6="","",INDEX(Resumo_NUTSIII!$G:$G,MATCH(B6,Resumo_NUTSIII!$A:$A,0))) -> 475 | I6: =IF(B6="","",INDEX(Resumo_NUTSIII!$H:$H,MATCH(B6,Resumo_NUTSIII!$A:$A,0))) -> 220 | J6: =IF(B6="","",INDEX(Resumo_NUTSIII!$I:$I,MATCH(B6,Resumo_NUTSIII!$A:$A,0))) -> 475 | K6: =IF(B6="","",INDEX(Resumo_NUTSIII!$J:$J,MATCH(B6,Resumo_NUTSIII!$A:$A,0))) -> 268 | L6: =IF(B6="","",INDEX(Resumo_NUTSIII!$K:$K,MATCH(B6,Resumo_NUTSIII!$A:$A,0))) -> 7.2
A7: Ponte da Barca | B7: Minho-Lima | C7: =IF(B7="","",INDEX(Resumo_NUTSIII!$B:$B,MATCH(B7,Resumo_NUTSIII!$A:$A,0))) -> 1629 | D7: =IF(B7="","",INDEX(Resumo_NUTSIII!$C:$C,MATCH(B7,Resumo_NUTSIII!$A:$A,0))) -> 8.2 | E7: =IF(B7="","",INDEX(Resumo_NUTSIII!$D:$D,MATCH(B7,Resumo_NUTSIII!$A:$A,0))) -> 20.5 | F7: =IF(B7="","",INDEX(Resumo_NUTSIII!$E:$E,MATCH(B7,Resumo_NUTSIII!$A:$A,0))) -> 130 | G7: =IF(B7="","",INDEX(Resumo_NUTSIII!$F:$F,MATCH(B7,Resumo_NUTSIII!$A:$A,0))) -> 425 | H7: =IF(B7="","",INDEX(Resumo_NUTSIII!$G:$G,MATCH(B7,Resumo_NUTSIII!$A:$A,0))) -> 475 | I7: =IF(B7="","",INDEX(Resumo_NUTSIII!$H:$H,MATCH(B7,Resumo_NUTSIII!$A:$A,0))) -> 220 | J7: =IF(B7="","",INDEX(Resumo_NUTSIII!$I:$I,MATCH(B7,Resumo_NUTSIII!$A:$A,0))) -> 475 | K7: =IF(B7="","",INDEX(Resumo_NUTSIII!$J:$J,MATCH(B7,Resumo_NUTSIII!$A:$A,0))) -> 268 | L7: =IF(B7="","",INDEX(Resumo_NUTSIII!$K:$K,MATCH(B7,Resumo_NUTSIII!$A:$A,0))) -> 7.2
A8: Ponte de Lima | B8: Minho-Lima | C8: =IF(B8="","",INDEX(Resumo_NUTSIII!$B:$B,MATCH(B8,Resumo_NUTSIII!$A:$A,0))) -> 1629 | D8: =IF(B8="","",INDEX(Resumo_NUTSIII!$C:$C,MATCH(B8,Resumo_NUTSIII!$A:$A,0))) -> 8.2 | E8: =IF(B8="","",INDEX(Resumo_NUTSIII!$D:$D,MATCH(B8,Resumo_NUTSIII!$A:$A,0))) -> 20.5 | F8: =IF(B8="","",INDEX(Resumo_NUTSIII!$E:$E,MATCH(B8,Resumo_NUTSIII!$A:$A,0))) -> 130 | G8: =IF(B8="","",INDEX(Resumo_NUTSIII!$F:$F,MATCH(B8,Resumo_NUTSIII!$A:$A,0))) -> 425 | H8: =IF(B8="","",INDEX(Resumo_NUTSIII!$G:$G,MATCH(B8,Resumo_NUTSIII!$A:$A,0))) -> 475 | I8: =IF(B8="","",INDEX(Resumo_NUTSIII!$H:$H,MATCH(B8,Resumo_NUTSIII!$A:$A,0))) -> 220 | J8: =IF(B8="","",INDEX(Resumo_NUTSIII!$I:$I,MATCH(B8,Resumo_NUTSIII!$A:$A,0))) -> 475 | K8: =IF(B8="","",INDEX(Resumo_NUTSIII!$J:$J,MATCH(B8,Resumo_NUTSIII!$A:$A,0))) -> 268 | L8: =IF(B8="","",INDEX(Resumo_NUTSIII!$K:$K,MATCH(B8,Resumo_NUTSIII!$A:$A,0))) -> 7.2
A9: Valenca | B9: Minho-Lima | C9: =IF(B9="","",INDEX(Resumo_NUTSIII!$B:$B,MATCH(B9,Resumo_NUTSIII!$A:$A,0))) -> 1629 | D9: =IF(B9="","",INDEX(Resumo_NUTSIII!$C:$C,MATCH(B9,Resumo_NUTSIII!$A:$A,0))) -> 8.2 | E9: =IF(B9="","",INDEX(Resumo_NUTSIII!$D:$D,MATCH(B9,Resumo_NUTSIII!$A:$A,0))) -> 20.5 | F9: =IF(B9="","",INDEX(Resumo_NUTSIII!$E:$E,MATCH(B9,Resumo_NUTSIII!$A:$A,0))) -> 130 | G9: =IF(B9="","",INDEX(Resumo_NUTSIII!$F:$F,MATCH(B9,Resumo_NUTSIII!$A:$A,0))) -> 425 | H9: =IF(B9="","",INDEX(Resumo_NUTSIII!$G:$G,MATCH(B9,Resumo_NUTSIII!$A:$A,0))) -> 475 | I9: =IF(B9="","",INDEX(Resumo_NUTSIII!$H:$H,MATCH(B9,Resumo_NUTSIII!$A:$A,0))) -> 220 | J9: =IF(B9="","",INDEX(Resumo_NUTSIII!$I:$I,MATCH(B9,Resumo_NUTSIII!$A:$A,0))) -> 475 | K9: =IF(B9="","",INDEX(Resumo_NUTSIII!$J:$J,MATCH(B9,Resumo_NUTSIII!$A:$A,0))) -> 268 | L9: =IF(B9="","",INDEX(Resumo_NUTSIII!$K:$K,MATCH(B9,Resumo_NUTSIII!$A:$A,0))) -> 7.2
A10: Viana do Castelo | B10: Minho-Lima | C10: =IF(B10="","",INDEX(Resumo_NUTSIII!$B:$B,MATCH(B10,Resumo_NUTSIII!$A:$A,0))) -> 1629 | D10: =IF(B10="","",INDEX(Resumo_NUTSIII!$C:$C,MATCH(B10,Resumo_NUTSIII!$A:$A,0))) -> 8.2 | E10: =IF(B10="","",INDEX(Resumo_NUTSIII!$D:$D,MATCH(B10,Resumo_NUTSIII!$A:$A,0))) -> 20.5 | F10: =IF(B10="","",INDEX(Resumo_NUTSIII!$E:$E,MATCH(B10,Resumo_NUTSIII!$A:$A,0))) -> 130 | G10: =IF(B10="","",INDEX(Resumo_NUTSIII!$F:$F,MATCH(B10,Resumo_NUTSIII!$A:$A,0))) -> 425 | H10: =IF(B10="","",INDEX(Resumo_NUTSIII!$G:$G,MATCH(B10,Resumo_NUTSIII!$A:$A,0))) -> 475 | I10: =IF(B10="","",INDEX(Resumo_NUTSIII!$H:$H,MATCH(B10,Resumo_NUTSIII!$A:$A,0))) -> 220 | J10: =IF(B10="","",INDEX(Resumo_NUTSIII!$I:$I,MATCH(B10,Resumo_NUTSIII!$A:$A,0))) -> 475 | K10: =IF(B10="","",INDEX(Resumo_NUTSIII!$J:$J,MATCH(B10,Resumo_NUTSIII!$A:$A,0))) -> 268 | L10: =IF(B10="","",INDEX(Resumo_NUTSIII!$K:$K,MATCH(B10,Resumo_NUTSIII!$A:$A,0))) -> 7.2
A11: Vila Nova de Cerveira | B11: Minho-Lima | C11: =IF(B11="","",INDEX(Resumo_NUTSIII!$B:$B,MATCH(B11,Resumo_NUTSIII!$A:$A,0))) -> 1629 | D11: =IF(B11="","",INDEX(Resumo_NUTSIII!$C:$C,MATCH(B11,Resumo_NUTSIII!$A:$A,0))) -> 8.2 | E11: =IF(B11="","",INDEX(Resumo_NUTSIII!$D:$D,MATCH(B11,Resumo_NUTSIII!$A:$A,0))) -> 20.5 | F11: =IF(B11="","",INDEX(Resumo_NUTSIII!$E:$E,MATCH(B11,Resumo_NUTSIII!$A:$A,0))) -> 130 | G11: =IF(B11="","",INDEX(Resumo_NUTSIII!$F:$F,MATCH(B11,Resumo_NUTSIII!$A:$A,0))) -> 425 | H11: =IF(B11="","",INDEX(Resumo_NUTSIII!$G:$G,MATCH(B11,Resumo_NUTSIII!$A:$A,0))) -> 475 | I11: =IF(B11="","",INDEX(Resumo_NUTSIII!$H:$H,MATCH(B11,Resumo_NUTSIII!$A:$A,0))) -> 220 | J11: =IF(B11="","",INDEX(Resumo_NUTSIII!$I:$I,MATCH(B11,Resumo_NUTSIII!$A:$A,0))) -> 475 | K11: =IF(B11="","",INDEX(Resumo_NUTSIII!$J:$J,MATCH(B11,Resumo_NUTSIII!$A:$A,0))) -> 268 | L11: =IF(B11="","",INDEX(Resumo_NUTSIII!$K:$K,MATCH(B11,Resumo_NUTSIII!$A:$A,0))) -> 7.2
L12: =IF(B12="","",INDEX(Resumo_NUTSIII!$K:$K,MATCH(B12,Resumo_NUTSIII!$A:$A,0)))
L13: =IF(B13="","",INDEX(Resumo_NUTSIII!$K:$K,MATCH(B13,Resumo_NUTSIII!$A:$A,0)))
L14: =IF(B14="","",INDEX(Resumo_NUTSIII!$K:$K,MATCH(B14,Resumo_NUTSIII!$A:$A,0)))
L15: =IF(B15="","",INDEX(Resumo_NUTSIII!$K:$K,MATCH(B15,Resumo_NUTSIII!$A:$A,0)))
L16: =IF(B16="","",INDEX(Resumo_NUTSIII!$K:$K,MATCH(B16,Resumo_NUTSIII!$A:$A,0)))
L17: =IF(B17="","",INDEX(Resumo_NUTSIII!$K:$K,MATCH(B17,Resumo_NUTSIII!$A:$A,0)))
